ROI,ADV_1001,ADV_1002,ADV_1003,ADV_1004,ADV_1005,ADV_1006,ADV_1007,ADV_1008,ADV_1009,ADV_1010,ADV_1011,ADV_1012,ADV_1013,ADV_1014,ADV_1015,ADV_1016,ADV_1017,ADV_1018,ADV_1019,ADV_1020,ADV_1021,ADV_1022,ADV_1023,ADV_1024,ADV_2002,ADV_2003,ADV_2008,ADV_2017,ADV_2020
ABAT,8.76,22.87,4.83,13.05,18.95,22.74,22.43,21.39,17.62,219.88,4.08,18.42,24.88,17.61,27.51,18.95,6.66,38.97,29.96,6.22,46.65,158.78,9.61,17.29,69.55,18.23,19.29,41.94,61.89
ACACA,217.75,101.74,164.31,247.25,245.31,382.95,291.88,176.3,285.66,638.9,306.17,542.15,361.86,128.53,306.11,238.89,160.05,144.43,242.26,294.2,519.83,459.94,414.55,91.56,409.35,310.57,227.25,284.05,258.27
ACACB,58.5,16.33,30.13,59.46,49.75,11.97,24.25,4.54,163.45,76.94,76.62,75.01,56.09,27.61,177.9,110.07,18.18,26.94,152.01,22.27,23.99,120.4,20.7,19.85,225.26,147.61,119.36,334.93,459.04
ACLY,1414.43,499.36,534.43,772.92,565.11,749.15,526.17,704.22,820.23,1660.99,663.04,1713.63,1008.22,651.24,864.64,817.68,701.15,936.5,1026.75,765.81,1602.8,909.67,895.89,177.36,910.49,1283.83,1106.96,1000.32,1204.78
ACO2,112.63,47.14,107.74,152.26,147.66,123.26,101.84,60.6,173.94,133.51,160.81,138.83,227.07,121.39,263.08,164.5,107.55,165.06,287.76,67.34,217.26,269.28,111.15,156.39,232.93,224.98,197.41,253.29,230.33
ACSS2,410.78,67.2,92.1,350.93,238.73,388.34,404.93,262.18,395.87,378.29,557,534.91,244.71,156.62,338.49,571.73,490.9,264.22,435.33,155.39,243.92,376.37,222.06,190.49,547.16,454.18,333.32,371.27,375.87
ACTB,13562.37,8829.83,10442.31,12079.55,10127.37,12208.9,6608.58,6780.88,13713.92,6824.63,6903.85,8888.1,11540.4,9416.65,9811.52,7411.27,10716.93,12682.76,10667.39,6501.75,12801.55,10696.15,12616.68,9663.75,12799.5,12332.3,12153.07,13266.51,16358.96
ADPGK,1182.29,562.36,581.62,665.25,445.62,577.42,284.91,441.07,277.03,2002.7,505.73,614.2,546.4,388.7,314.09,438.07,708.32,600.65,852.54,238.78,406.09,873.77,597.67,765.32,285.09,365.92,481.43,600.25,580.7
ALDOA,8098.31,16455.12,8273.97,7647.24,12052.16,14418.81,12619,9908.61,12252.84,6632.66,11179.88,10172.25,10223.81,14953.35,8899.3,11340.33,13756.34,10636.81,8522.44,10032.19,11852.92,9642.4,10997.86,5748.63,11710.55,8704.5,8280.54,5618.89,4912.34
ALK,0.63,0,0.57,1.45,2.37,0,0,0.65,13.12,246.09,0.58,0.33,0.45,0.71,4.44,0.71,0,1.15,0,0.26,0.67,1.39,0.49,18.17,0.77,1.56,2.18,3.35,2.92
AR,24.51,1.56,1.42,153.77,31.59,1.99,0.25,3.24,663.84,7.54,16.51,94.03,43.72,144.6,447.7,91.22,9.6,8.6,573.91,12.52,18.88,140.83,4.93,9.6,612.15,686.93,424.39,839.42,738.4
ARHGAP26,2316.71,300.08,556.03,702.59,549.85,868.23,492.53,368.15,1035.78,919.13,493.2,1537.96,1195.48,867.13,1172.08,4293.25,214.59,686.04,1403.27,308.19,1259.58,5011.09,780.3,2096.83,868.3,901.91,1025.45,1797.94,2256.21
ARV12,0,0,0,0,0,0,0,0,0,0,0,0,0,0,0,0,0,0,0,0,0,0,0,0,0,0,0,0,0
ARV7,0,0,0,0,0,0,0,0,0,0,0,0,0,0,0,0,0,0,0,0,0,0,0,0,2.56,6.67,7.28,2.8,3.25
ATG4A,197.1,44.1,57.71,137.4,97.12,55.65,47.89,86.2,151.82,72.04,142.45,226.99,123.48,159.95,226.7,77.41,109.6,123.8,213.41,126.38,92.41,172.71,159.71,112.37,166.45,188.3,179.76,219.47,162.11
ATP5A1,2219.72,2024.28,1781.81,3059.4,3160.37,2905.66,2718.14,1918.2,3487.48,1333.25,3285.77,3169.02,1750.93,1854.47,4690.99,1958.93,1345.44,1846.64,5203.27,2298.47,3474.84,3733.09,2081.86,1534.64,2657.57,3524.7,2745.02,2998.44,2643.62
ATP5C1,3784.01,2166.62,1762.48,2447.45,2710.02,2254.04,1663.98,2017.37,2831.07,1703.99,2706.92,3031.84,2632.96,1442.45,2711.05,4147.89,2351.84,1705.08,3723.07,2376.94,3565.7,3608.66,3059.58,2058.73,3099.65,3239.7,2869.83,2915.68,3642.26
AXL,494.78,726.64,962.54,313.59,103.44,181.9,113.21,320.51,1065.4,602.88,219.07,294.76,730.27,140.56,823.83,323.87,303.07,1310.76,548.14,150.34,255.58,531.13,81.46,191.77,646.24,783.97,906.91,950.97,1692.97
BCAT1,302.22,1013.42,1002.34,399.51,71.07,100.53,323.4,67.41,131.96,257.22,178.29,125.34,4174.92,301.58,531.47,54.23,381.3,198.3,252.62,136.48,170.83,97.19,69.01,584.6,120.17,169.84,201.6,188.43,339
BCAT2,130.46,59.27,64.81,124.71,122.13,116.08,114.57,46.02,167.19,150.86,157.89,276.01,449.15,110.92,230.25,246.56,148.01,146.72,179.01,156.43,210.37,306.11,158.23,52.98,211.96,188.07,193.23,265.04,212.3
BRAF,225.26,48.3,99.78,258.85,173.72,86.76,109.72,94.63,423.61,446.18,221.4,497.41,157.41,114.73,314.09,239.5,232.78,111.19,241.52,161.6,240.59,360.28,206.78,190.81,426.22,363.03,262.91,431.38,634.14
C12orf5 (TIGAR),142.35,64.75,79.6,141.39,51.98,77.79,107.6,119.1,58.11,697.27,111.43,125.42,105.73,88.67,118.67,109.87,101.15,196.3,211.75,153.45,70.53,111.81,67.16,129.46,100.36,107.82,76.42,88.07,88.12
CA12,490.87,249.68,512.82,1474.78,2212.81,430.22,1478.19,772.92,2234.64,175.75,1148.08,188.83,222.09,594.12,500.42,604.19,1610.48,557.09,80.26,1387.37,1148.28,544.44,642.53,267.33,1646.34,1729.12,1886.96,433.34,904.43
CA9,16.89,296.35,329.47,122.17,129.5,162.16,275.82,216.16,0,1.51,211.2,91.46,37.54,296.82,8.43,1241.85,286.55,283.7,4.44,1543.02,23.55,8.36,164.14,7.68,4.6,5.78,4.73,0.56,7.63
CAT,324.43,125.77,190.75,505.37,182.67,190.88,201.25,56.07,722.01,640.03,268.3,136.52,303.05,139.72,535.91,211.07,228.17,224.67,854.39,155.39,136.4,463.35,263.47,261.4,336.48,526.87,575.13,700.61,908.66
CBR1,101.29,99.76,83.15,212.08,310.26,164.55,154.2,147.45,278.35,49.03,330.64,162.02,134.57,107.41,197.42,103.57,104.35,148.3,205.74,306.25,237.7,379.16,234.45,43.22,260.16,252.32,256.54,163.2,54.01
CBS,31.91,17.27,22.46,11.24,80.02,13.76,66.98,23.98,82.47,264.76,32.04,258.57,249.68,40.46,38.15,34.67,51.47,84.82,32.55,4.66,107.08,138.35,71.72,34.9,25.57,31.57,52.76,43.61,175.43
CD274 (PDL1),334.76,87.04,136.17,76.13,1675.07,61.63,10.91,114.07,29.24,54.31,57.1,48.69,96.8,143.77,126.88,61.69,10.24,682.03,85.81,92.2,41.32,122.57,40.42,252.44,23.01,63.58,44.03,77.72,45.81
CHKA,137.97,30.34,24.45,50.03,49.75,29.92,36.67,33.7,42.36,172.74,32.04,105.6,184.09,31.42,102.48,50,54.29,47,135.74,15.54,45.54,131.85,33.52,59.71,43.47,57.13,50.94,229.53,143.43
CKB,393.57,702.84,405.37,212.44,1176.29,202.85,463.73,2705.38,1245.71,214.98,515.63,384.9,590.73,111.4,879.73,346.14,680.92,542.76,637.65,133.63,334.78,923.91,125.45,216.42,1926.83,992.39,844.41,1462.73,1133.79
CPT1A,394.2,99.87,138.16,196.13,306.38,233.36,131.54,146.16,483.22,432.6,379,352.99,537.36,167.1,443.63,341.31,416.9,259.06,483.41,83.39,300.57,464.28,197.91,147.11,331.88,540.65,268.01,492.33,428.83
CS,550.34,319.17,251.4,580.05,516.06,348.92,313.42,339.47,746.24,806.17,484.13,552.27,620.95,397.13,749.05,552.13,435.66,619.52,541.28,501.62,733.37,582.96,358.76,323.35,946.43,760.37,777.82,627.82,832.98
CTLA4,258.11,81.67,77.46,404.22,93.44,129.4,21.22,30.79,4.69,213.09,78.66,29.61,109.69,126.15,328.29,95,12.16,426.99,323.17,85.46,55.54,529.66,143.87,206.7,52.42,53.91,87.33,406.78,86.09
CYCS,1551.77,839.46,899.36,1202.7,785.03,775.63,778.95,1286.17,1001.86,1088.09,1652.86,1310.97,1234.84,754.84,1364.17,1313.67,459.34,931.34,1189.58,1464.54,2155.39,1540.62,695.02,652.31,1798.09,1934.36,1405.08,1508.3,966.28
D2HGDH,82.2,78.06,54.66,177.64,122.75,97.91,100.99,50.82,170.06,309.1,176.78,194.99,96.84,112.63,336.76,75.87,64.25,61.48,118.69,95.47,326.66,405.19,103.29,60.68,222.91,162.99,157.05,240.31,243.36
EGFR,33.63,35.88,20.96,60.27,42.61,23.56,103.05,71.09,78.96,25.1,53.35,24.36,33.64,37.19,107.03,8.57,16.09,245.55,63.22,66.28,46.65,66.64,27.19,38.02,215.65,220.92,189.05,278,155.18
EGFR delta 14-15,0,0,0,0,0,0,0,0,0,0,0,0,2.26,0,0,0,0,0,0,0,0,0,0,0,0.64,0,0,0,0.81
EGFR delta 2-7,0,0,0,0,0,0,0,0,0,0,0,0,0,0,0,0,0,0,0,0,0,0,0,0,0,0,0,0,0
EGFR delta 2-7_12-13,1.56,0,0,12.69,2.63,0,0,1.62,11.25,0,0,3.29,0,0,8.87,0,0,2.87,12.95,3.88,3.33,3.1,1.23,0,3.84,7.78,14.56,2.8,33.3
EGFR delta 25-27,0,0,0,0,0,0,0,0,0,0,0,0,0,0,0,0,0,0,0,0,0,0,0,0,0,0,0,0,0
EGLN1,283.45,53.2,216.33,282.77,134.24,347.65,126.09,96.9,308.15,234.59,89.14,257.92,262.35,156.38,234.24,145.55,189.5,163.92,335.1,191.65,90.19,174.88,267.16,170.8,262.59,272.55,246.72,152.65,294.33
ENO1,12849.99,19409.98,21720.52,11916.41,17459.83,33154.82,19587.13,20056.71,8952.43,11101.95,19006.4,13889.35,14627.6,20824.53,6087.55,17915.47,20437.97,17297.21,6367.61,34498.24,15875.8,11246.01,21018.75,7844.98,9277.72,11368.2,10401.48,6812.67,5343.28
EPAS1,694.23,453.86,1783.51,820.77,869.39,795.83,510.41,412.55,1601.1,451.83,423.87,806.65,529.22,473.44,758.61,286.47,783.86,954.27,1133.64,376.04,598.69,1230.95,454.48,677.12,866.51,834.99,743.79,1334.13,2325.41
ERBB2,425.49,67.67,63.96,261.02,349.02,207.03,300.06,98.52,383.87,574.79,205.67,3168.36,740.45,120.2,14500.18,355.22,130.09,200.6,229.69,77.95,656.89,589.32,366,122.3,953.95,724.06,527.82,504.91,290.43
ERBB3,1093.44,153.66,20.18,317.4,345.46,434.11,279.91,160.9,343.95,719.8,380.02,821.62,858.96,217.68,485.78,1098.11,349.68,187.99,286.83,217.93,779.07,724.58,502.17,206.82,842.22,534.65,459.69,361.49,121.09
ERBB4,13.77,0,0,1.45,7.63,0.6,0.61,0.16,11.25,144.64,3.93,28.13,0.9,2.62,6.65,195.45,0.51,0,125.2,0,0.67,9.75,0.74,2.24,27.36,19.34,49.49,19.15,5.69
FASN,95.94,113.17,63.96,111.78,132.48,230.87,175.04,99.11,183.69,474.27,84.97,267.57,383.34,149.56,770.81,64.18,70.85,248.84,83.22,88.7,313.23,183.39,267.62,60.03,376.92,388.85,257.45,258.14,213.06
FBP1,189.9,128.81,40.93,53.65,7.9,68.21,27.28,2.59,32.99,212.72,55.93,202.32,215.3,380.84,163.26,330.42,163.63,98.58,218.96,14.5,59.54,89.14,40.17,262.36,69.03,43.13,86.42,302.5,41.1
FGFR1,74.46,27.53,50.6,288.58,66.86,47.87,12.12,30.46,927.44,193.1,55.35,66.45,84.13,68.08,667.67,161.28,80.41,128.38,855.87,69.93,77.31,126.9,22.67,118.62,813.58,921.47,598.6,996.12,859.76
FGFR2,15.96,28.47,6.82,105.13,72.65,13.16,132.15,63.52,209.93,70.15,27.38,279.63,171.43,40.46,80.74,112.9,66.58,107.75,98.38,94.27,29.55,134.64,4.93,18.25,376.11,245.21,164.66,194.02,159.84
FH,312.75,159.45,172.93,307.06,350.68,245.53,202.26,279.57,315.52,260.49,302.39,338.74,395.48,207.72,487.85,308.24,192.15,318.66,342.99,315.18,295.83,301.68,301.01,148.82,313.47,325.9,284.62,264.38,282.64
FOLH1 (PSMA),696.42,22.87,589.01,180.54,52.12,118.48,376.44,83.61,79.47,2224.09,146.82,92.11,111.27,180.66,65.66,65.12,99.36,62.47,487.11,55.94,75.53,51.38,94.15,58.59,33.24,50.46,43.67,84.43,55.23
G6PC,0,0,0.28,0,0,0.6,0,0,0.37,0,0,0,0,0,0,0,0.51,0,1.85,0.52,0.89,0,1.23,13.45,0.51,0,0.18,0.56,0
G6PD,539.99,213.75,366.71,385.73,474.83,545.71,177.31,320.19,465.6,952.7,471.93,482.28,369.55,488.43,390.4,388.28,306.78,244.16,187.89,253.54,474.06,489.66,554.29,346.4,489.38,498.42,440.31,402.59,445.23
GAD1,52.56,7.93,2.84,1.45,16.32,0,6.67,20.74,8.62,0.75,3.5,47.37,8.14,5.71,12.42,36.29,10.76,69.35,1.48,4.66,0.89,30.95,14.29,6.4,19.43,21.34,13.46,18.45,6.82
GAPDH,20402.99,39389.1,28728.06,29169.66,26472.17,32555.26,42363.1,21418.48,23800.54,34925.75,28433.43,23948.76,20356.25,30560.08,23126.2,25033.11,30681.67,31426.13,16288.14,31052.48,15672.31,20126.38,20787.32,18472.86,21056.28,21617.07,19803.9,13218.28,13848.99
GCLC,339.14,91.47,38.09,485.07,176.09,269.26,217.02,606.67,329.14,634.75,247.04,117.12,220.28,140.91,152.17,124.18,375.41,104.31,311.8,185.43,366.77,754.91,474.44,175.76,613.64,514.64,678.29,996.4,475.28
GCLM,289.08,40.14,57.42,120.36,112.92,222.59,140.94,103.06,169.44,164.06,164.89,192.12,304.86,139.25,67.88,113.3,359.54,124.94,208.97,191.13,273.46,559.92,270.37,81.64,127.07,125.83,151.92,152.37,124.26
GFPT1,4011.77,358.89,1035.6,1475.87,665.4,838.91,482.22,624.17,1680.95,4345.21,1208.38,6218.29,1913.32,1042.08,1583.33,4782.93,1390.77,1687.31,4867.06,946.06,1394.2,1545.42,993.73,841.68,1254.38,1641.3,1745.04,1852.46,1709.78
GLDC,35.35,284.68,15.92,31.9,3.68,13.16,4.85,11.67,1.5,17.35,10.49,51.98,154.24,52.37,15.97,2.82,1.54,119.21,38.47,167.3,0.44,6.81,150.83,31.37,2.05,4.89,6.91,31.87,4.87
GLS,4339.64,1310.47,1408.27,3239.58,1500.57,1122.53,707.42,2771.49,3660.29,1855.98,1968.14,2199.53,1607.1,1132.53,3756.25,1734.15,2566.17,2577.39,3045.47,1772.21,1961.12,1912.82,2106.75,2229.69,2578.82,3159.9,2281.97,3248.38,3076.67
GLUD1,741.16,562.36,529.88,1156.48,577.22,673.76,982.33,896.07,1132.88,1264.6,1018.74,569.46,891.98,360.85,1354.86,589.47,553.13,725.59,1236.09,733.7,1059.65,1252.31,459.9,719.86,1953.93,1760.68,1361.86,1400.11,1910.71
GLUD2,31.91,15.4,22.17,55.83,22.64,9.57,37.28,38.89,68.23,68.27,41.95,31.58,52.92,18.09,125.99,27.01,34.31,81.39,90.99,34.19,49.76,66.24,18.24,57.79,150.85,192.07,129.18,210.24,137.74
GLUL,713.94,455.96,345.67,677.57,743.57,785.06,2190.15,121.2,1239.34,583.08,363.86,433.92,808.3,1139.91,1907.63,481.42,834.82,605.8,1163.97,185.43,1507.5,2004.44,674.32,1287.81,1034.49,1302.73,1549.81,3772.58,1530.46
GOT1,58.82,30.8,34.11,86.28,108.97,64.62,141.24,31.11,59.98,111.64,195.47,109.88,91.82,106.64,145.51,90.32,61.97,127.24,201.95,73.03,204.38,221.92,71.72,36.5,115.31,113.38,125.54,106.24,71.8
GPI_1,1006.77,1136.63,789.13,845.79,1020.21,545.11,1014.15,548.34,785.37,793.54,1223.24,1392.88,616.06,1122.06,700.05,926.55,771.31,770.29,797.8,1029.97,1208.71,495.23,856.21,288.78,1266.65,1385.43,1156.63,1027.16,681.09
GPI_2,1651.37,1826.32,1382.97,1377.02,1329.21,909.52,1717.53,824.23,1316.44,1892.69,1993.09,2231.55,1435.36,1373.81,1193.38,1433.7,1114.37,1557.02,1503.5,1459.8,1614.65,979.11,1096.34,387.12,2100.86,2418.72,1775.79,1752.47,883.91
GPT,3.75,0.93,1.14,0,4.21,0,0,0,2.25,1.51,1.75,5.26,0,0.48,33.72,32.66,0,0,0,0,0.44,12.38,0.49,3.84,1.53,5.34,0.36,2.24,0.65
GSS,479.61,186.68,206.1,361.08,326.12,472.11,419.48,397.96,347.89,644.56,765.58,1016.53,505.24,321.57,334.5,867.88,570.03,511.81,335.1,755.45,540.93,574.77,361.07,213.06,460.23,386.37,362.98,440.61,234.07
HIF1A,1911.56,1581.62,3749.52,1906.92,1332.11,721.63,351.59,2140.2,1918.62,2049.46,1371.81,1731.07,1895.22,2495.48,877.51,1272.09,1450.69,1623.12,4062.6,2401.8,1110.07,1056.69,2811.14,2738.25,1532.05,1633.52,2007.59,1717.98,2150.47
HK1,1534.25,1287.37,1375.01,1400.82,1522.15,1685.59,1325.73,705.84,2673.62,2354.96,1915.12,1256.36,1053.91,1628.34,3243.85,1053.55,1368.75,2087.36,1263.09,1577.98,2351.44,3114.98,1520.18,605.57,3232.6,2659.48,2197,2163.07,1224.27
HK2,51.62,66.74,15.92,39.15,28.43,40.69,44.86,62.22,32.99,61.85,69.04,87.51,19,75.69,116.68,56.45,76.31,325.54,39.95,154.61,57.54,19.81,103.27,360.17,43.47,68.47,130.64,84.99,22.25
HK3,22.21,16.33,19.05,11.96,4.21,11.37,0,1.3,3,18.86,7.57,3.95,15.38,52.84,26.62,3.63,3.59,27.51,2.96,7.25,7.78,6.81,18.24,105.65,1.53,2.67,3.28,10.34,8.93
HPV16,0,0,0,0.33,7351.36,1523.93,6923.21,7193.3,2.04,0.51,6335.09,1.79,3450.8,4708.07,2.42,8889.31,6467.41,1.04,1.01,0,2787.55,5.35,3928.6,8551.45,0.58,1.21,0,0.76,2.22
IDH1,1650.55,620.12,716.06,1339.94,709.73,429.11,964.05,311.92,966.38,2776.67,854.29,1567.33,1113.36,1538.85,1651.43,856.43,1022.22,553.89,1468.76,556.26,883.43,1088.62,612.02,756.93,1067.75,1052.79,1100.64,1351.24,792.33
IDH2,756.4,304.3,336.47,774.99,1398.01,1264.73,433.15,163.22,610.37,753.11,775.3,1500.73,372.75,557.2,668.88,868.71,867.76,688.02,638.02,670.88,447.02,1110.18,503.9,269.15,833.64,544.25,564.53,484.3,220.84
IDH3A,282.28,132.05,279.62,486.62,330.57,176.52,103.6,405.98,426.17,420.01,298.2,323.74,274.07,164.46,260.13,206,137.35,266.25,193.34,204.24,317.17,155.46,231,152.07,222.44,476.04,400.2,319.35,329.82
IDH3B,438.47,237.55,286.12,472.92,773.97,599.56,419.94,555.14,543.38,641.16,841.18,856.32,628.05,233.03,991.08,608.32,349.55,316.08,552.76,458.14,735.64,749.5,467.29,388.02,666.69,675.15,532.01,610.31,807.05
IDH3G,389.25,320.27,404.02,432.17,530.81,458.25,323.93,256.02,673.22,713.3,566.85,584.48,629.67,247.15,353.06,1048.9,339.63,464.72,732.49,574.72,557.87,614.26,390.54,240.98,449.68,422.76,531.66,438.93,663.14
IGF1R,130.15,547.66,1094.72,387.55,253.74,330.9,506.77,436.85,304.77,164.06,318.41,237.19,232.04,112.11,437.42,246.76,520.87,374.26,882.13,613.79,492.72,877.48,568.09,645.42,1341.83,780.53,595.51,842.08,1433.97
KDR (VEGFR2),210.55,104.54,480.99,949.11,433.51,182.5,118.81,334.77,1720.68,601.56,281.41,343.78,269.58,416.55,736.43,155.84,248.4,192.57,1870.78,206.15,246.81,267.42,168.33,859.12,521.08,926.14,760.72,1630.76,2070.55
KIT,131.09,7.7,5.69,259.03,172.4,40.69,51.83,53.8,441.98,504.45,115.36,985.61,315.27,96.64,295.24,132.25,222.92,83.1,1126.43,77.18,57.54,551.1,54.59,66.11,783.29,562.77,434.49,363.03,1186.18
KLK3,1.88,0,1.42,1.45,0,0,0,0.32,0.37,3.02,0.58,0.66,0,0.48,3.55,2.42,2.56,0,2.22,1.04,0.89,0.93,0.99,37.78,0,1.78,1.46,0.56,0.97
KRAS,78.44,16.5,16.85,51.79,15.79,23.08,42.22,48.84,31.33,74.89,29.13,46.76,22.62,23.63,60.84,45.5,59.08,46.67,67.37,46.62,23.96,81.36,41.9,63,67.76,64.79,60.17,47.93,45.83
L2HGDH,28.78,18.51,23.78,37.7,44.13,26.33,38.69,71.62,32.74,121.7,58.65,53.51,81.57,24.12,74.23,48.65,50.62,33.62,48.7,78.9,44.8,66.65,45.51,17.88,59.49,52.54,37.3,29.45,28.1
LDHA,6643.53,12587.17,10950.09,8987.88,4354.82,5336.22,11187.79,8963.61,4419.04,5848.93,4106.99,5479.42,6493.07,3210.04,3354.32,5341.96,6757.43,6035.68,4908.12,10087.87,5462.4,4342.22,4191.33,5620.09,5060.74,6024.57,5763.14,2597.25,3202.07
LDHB,1278.96,3562.97,2432.78,2271.26,2687.12,317.73,2504.77,2980.2,1163.99,4790.25,1446.39,1895.56,1202.72,1130.87,3781.09,602.18,1328.03,2175.62,2467.37,774.1,1442.85,1929.53,367.97,1795.25,1363.81,2135.5,1461.03,2447.39,3032.32
MAPK8,382.31,128.57,115.98,333.53,292.16,199.85,229.44,242.08,326.89,814.28,265.1,316.15,330.19,180.19,368.66,250.18,316.51,367.95,499.32,361.54,257.69,606.04,338.64,228.43,334.43,323.68,314.95,478.91,691.32
MDH1,516.7,320.22,339.05,538.78,614.29,220.7,517.36,319.46,530.02,972.63,661.4,1321.85,792.95,355.76,1122.39,601.69,394.56,799.08,618.53,568.47,1031.28,535.11,440.03,381.04,427.29,595.27,431.28,573.99,394.09
MDH2,610.23,447.44,332.88,698.6,629.47,757.83,822.29,606.83,844.03,1382.09,957.85,1151.91,525.6,523.42,908.78,774.14,736.36,658.82,805.75,570.93,1776.96,1191.64,753.56,303.26,1146.36,839.55,878.8,816.36,672.23
MERTK,237.93,200.33,94.52,167.49,90.02,90.35,25.46,21.39,317.15,409.97,145.37,123.86,193.14,304.44,319.64,130.33,96.67,237.28,214.52,59.57,165.06,269.9,71.97,150.79,187.54,182.63,292.57,889.47,957.79
MET control intron 19_FASTA,295.65,33.84,368.13,451.35,84.23,248.32,237.93,238.2,131.21,301.72,145.66,116.79,461.37,23.8,754.18,69.55,144.69,1034.51,360.62,194.24,176.61,284.76,274.8,128.86,387.36,145.61,184.68,413.77,80.4
MET control intron 1_FASTA,40.67,11.67,5.69,14.5,50.01,0,13.64,110.19,37.49,0,17.48,26.32,158.31,19.04,39.93,64.51,12.8,166.21,18.49,72.52,28.88,68.09,17.25,388.98,15.34,11.12,34.57,61.51,40.61
MET control intron 2_FASTA,168.94,53.67,25.58,29,139.5,173.53,72.74,294.91,97.47,82.97,75.74,82.24,379.95,30.94,35.49,46.37,240.71,320.96,44.38,134.67,84.42,235.23,179.92,672.32,58.81,53.35,123.72,229.25,141.32
MET delta 4-5,0,0,0,0,0,0,0,0,0,0,0,0,0,0,0,0,0,0,0,0,0,1.55,0,0,0,0,0,0,0
MET delta14,0,0,0,0,0,0,0,0,0,0,0,0,0,0,0,0,1.28,0,0,0,1.11,1.55,0,0,0,0,0,0,0
MET delta7-8,0,0,1.42,0,1.32,0,1.52,0,1.87,0,0,0,0,0,0,0,1.28,0,0,1.29,0,1.55,0,0,0,0,0,0,0
MET full,33.06,4.2,7.39,6.28,12.99,8.78,17.98,10.05,5.25,9.81,6.99,8.44,78.1,1.75,15.97,15.05,9.56,152.84,19.11,20.03,17.4,19.6,12.98,23.48,14.66,15.56,16.44,46.04,14.4
MET var1,1.56,0,0,1.81,0,0,0,1.62,0,0,0,0,0,0,0,1.01,0,2.87,1.85,0,0,0,0,0.8,0,0,0,1.4,1.62
MET var2,810.3,142.92,284.27,127.79,313.22,191.48,389.48,649.77,172.44,173.49,272.38,268.12,1229.18,88.07,153.05,344.73,635.72,975.76,408.7,419.55,382.65,383.03,263.71,431,139.99,168.95,158.29,168.44,201.42
MET var2 delta10,1.56,1.17,1.42,1.81,7.24,0,0,14.58,0,1.89,5.83,0.82,0,1.19,2.22,8.06,5.12,25.79,0,9.06,2.22,7.74,4.93,23.21,26.85,12.23,24.56,76.88,73.91
MST1R (RON),187.87,54.95,22.46,33.35,78.57,57.74,92.75,157.99,25.3,85.61,53.46,185.71,243.35,30.23,90.72,122.17,77.85,134.69,21.27,79.25,27.77,152.13,68.15,64.51,71.46,47.35,52.4,30.19,14.86
MYC,636.32,3953.41,1561.43,1139.96,3354.33,1791.44,1218.94,1549.8,1085.06,351.38,1420.82,167.23,984.55,587.27,1636.27,253.9,1157.91,1877.97,573.29,1739.78,2506.57,3259.39,3158.13,798.78,3200.87,2629.54,3747.18,7456.09,4881.96
NAMPT,2500.36,992.89,4403.06,2924.18,807,907.72,705.91,3201.22,1232.22,1782.81,1070.01,1967.6,1491.3,1986.34,1182.28,644.51,2645.05,1978.46,1486.86,1231.46,3533.04,1382.61,3025.81,15086.47,1755.78,1255.38,2452.08,4688.46,2596.67
NAPRT1,42.24,43.75,9.24,32.63,42.11,14.96,29.93,45.37,32.8,3.77,11.65,14.8,85.94,48.2,72.09,29.74,17.93,40.12,12.02,26.22,58.31,64.22,72.71,38.62,82.46,62.25,73.92,36.69,21.73
NOX1,107.94,0,0.57,1.45,0,0,0,0,0,0,5.83,3.95,0,5.71,0,0.4,0,0,0.74,0,0,0.62,0.49,8.64,2.05,0,0.73,16.22,0.97
NOX3,0,0,0,0,0,0,0,0.32,0,0,0,0.66,0,0,0.44,0,0.26,0,0.37,0,0,0,0,0,0,0,0,0,0
NOX4,290.33,28,17.06,50.75,98.44,51.46,20,49.58,58.11,64.87,142.16,115.14,78.7,52.84,94.05,87.9,383.1,145.58,108,78.47,79.97,45.19,33.03,156.87,277.16,129.38,115.35,193.47,138.07
NQO1,2192.82,132.07,137.59,189.6,1010.99,546.91,1078.1,600.84,323.14,972.68,996.89,1505.06,344.67,158.53,236.46,1843.02,21.51,114.63,236.34,778.24,1081.19,1399.95,634.89,142.15,216.56,279.66,219.79,123.57,70.01
NTRK1,6.26,1.87,16.49,2.9,4.74,1.8,0,2.59,0.75,2.26,4.37,7.24,9.95,7.14,5.32,2.02,6.66,11.46,13.32,4.66,1.78,3.1,4.44,12.17,3.07,2.67,5.82,3.35,3.57
NTRK2,55.69,0.47,9.67,443.38,23.16,39.49,498.59,18.8,282.28,5590.58,295.98,30.92,48.85,12.85,1010.15,24.6,2552.09,666.56,91.73,38.33,21.33,485.32,1.97,34.74,1563.76,1518.15,962.86,1067.97,1096.43
OGDH,706.22,129.78,427.28,569.31,339.14,415.17,347.74,410.58,681.84,926.21,509.02,406.28,727.02,274.65,683.03,537.96,244.65,333.52,537.02,414.27,703.35,652.84,379.27,305.56,775.8,681.72,599.44,678.51,604.26
PARP1,1404.73,619.3,886.35,1030.31,1681.65,592.38,765.92,745.7,747.88,1577.64,1021.07,1877.46,1481.8,1168.48,1544.29,727.17,845.32,1146.84,770.8,1335.31,1095.86,1550.68,1310.93,506.32,975.43,882.57,802.2,1216.15,852.62
PC,101.37,85.17,126.5,50.39,52.12,38.3,117.9,165.28,82.85,113.15,23.31,76.98,52.47,59.74,75.42,61.29,115.49,107.75,52.52,41.44,39.99,299.92,59.64,55.87,107.13,91.15,115.35,56.47,92.75
PDCD1 (PD1),5.63,2.33,1.71,5.8,1.58,3.59,0,0,3,1.13,2.33,0.66,5.43,6.9,12.42,3.23,0,12.61,8.14,1.55,1.33,4.33,3.45,5.44,1.53,3.11,1.46,6.15,2.44
PDGFRA,1717.27,39.67,117.12,1729.64,367.71,358.42,69.11,120.56,4100.4,88.25,528.74,1253.07,810.56,723.13,2989.21,1435.38,1131.62,889.51,3716.78,440.79,627.35,2044.98,307.58,240.43,2921.18,3437.34,5644.14,3564.57,10369.81
PDGFRB,774.63,123.91,218.32,1802.51,338.23,245.93,71.53,339.96,2032.21,509.16,390.95,418.79,392.61,337.28,1370.39,597.14,488.86,582.31,1363.69,421.88,364.77,522.78,178.44,468.86,1697.74,1831.82,2151.87,1783.68,2459.42
PDHA1,418.92,350.49,345.67,374.5,581.96,100.53,275.51,460.19,600.18,636.26,885.6,880.34,787.94,438.68,894.37,291.91,332.65,397.76,564.41,545.16,694.66,721.79,304.13,252.28,653.53,679.15,595.69,792.59,823.87
PDK1,1026.8,408.12,297.92,557.94,600.65,338.08,406.15,883.43,463.35,216.49,545.64,1373.47,398.49,725.27,929.41,216.72,516.26,482.58,2436.3,1613.46,303.01,392.78,559.96,336,559.95,464.85,379.9,577.04,340.79
PFKFB1,0.63,1.63,1.14,0.73,1.05,1.2,2.12,0.65,1.12,15.09,4.66,7.9,0,1.9,0,2.42,1.02,3.44,0,4.66,2.67,2.17,0.49,1.6,4.09,0.89,1.46,1.96,0
PFKM,165.19,126.94,125.93,180.54,271.11,128.05,103.35,160.74,460.72,553.29,213.54,353.65,276.82,53.32,539.46,122.98,63,308.35,351,157.46,366.54,405.16,279.49,114.29,500.88,469.07,311.31,584.87,628.62
PGAM1,491.81,541.83,798.8,1259.43,466.94,714.45,910.8,1234.4,985.55,1037.18,977.95,777.7,592.09,1194.9,671.66,262.28,675.54,729.03,323.26,1054.58,1210.48,1137.79,1061.76,509.04,1179.72,1472.13,1263.98,884.57,723
PGD,1352.8,732.94,638.47,1925.77,1467.4,1983.58,1258.44,304.63,2977.27,1401.51,1427.45,984.62,1158.39,2604.26,1723.52,1787.58,1215.1,854.54,928.36,1083.58,4527.15,4163.94,887.76,1337.43,3721.21,2209.53,2233.2,1550.52,848.07
PGK1,1731.04,6924.55,3070.4,4532.01,3472.01,3335.89,3968.41,6313.32,3321.41,1553.88,5471.81,5884.06,3348.98,6509.09,2893.83,5798.18,3926.98,4548.97,3177.88,8989.53,3347.1,2395.98,6667.78,3632.43,2963.37,3494.69,2852.37,2386.45,1206.89
PGK2,1.88,0,0.28,0,1.32,0,0,0,0,0,0,0,0,0.48,0,0.2,0,0,0.74,0,0,1.86,0.99,23.69,0,0,0.36,0,0
PKM,5067.04,8485.64,10349.99,5817.18,7002.73,3636.86,7216.36,6310.08,4448.66,4005.39,5786.14,7236.15,8405.93,6292.73,7204.62,7262.59,5628.37,4719.77,5229.9,5356.79,4420.97,3423.26,4027.68,3110.27,3129.56,4536.88,5250.59,4276.09,2655.96
PLXND1,239.44,85.56,215.86,271.17,89.58,131.04,57.08,58.23,587.43,440.27,131.19,90.91,385.38,199.55,364.82,151.54,133.67,264.79,392.18,90.99,127.22,132.58,73.12,127.79,230.8,335.02,320.71,536.41,399.26
PRDX1,1415.37,878.78,672.87,1173.15,926.77,1026.79,1171.76,1648.25,1213.1,1927.27,1189.45,1270.83,1612.52,1131.58,1304.28,1040.65,826.63,734.76,1514.97,836.25,1534.6,1057.93,1356.03,744.67,1041.91,1082.2,1079.67,973.2,647.95
PRKAA1,784.33,117.61,142.99,331.35,232.94,235.76,161.85,196.71,376,362.82,323.07,733.29,787.04,166.14,399.71,522.75,581.81,302.62,564.41,267.79,303.68,514.42,259.03,259.64,519.04,417.05,355.7,461.02,687.1
PRKAA2,50.68,0,25.02,8.7,41.85,0,27.88,0.65,67.48,82.22,2.91,69.74,109.46,2.38,44.36,61.29,1.02,9.17,76.56,9.32,0.89,35.59,15.28,13.77,103.81,43.35,32.93,23.48,46.78
PTEN,1289.91,813.21,810.31,2868.35,1421.47,875.41,615.43,1020.19,4447.54,2974.82,1425.71,1373.64,1278.71,555.08,2984.77,641.59,1155.43,1473.82,2412.26,1697.37,531.38,1689.66,1133.85,2351.67,2237.74,3225.03,2765.58,3522.36,4787.35
RET,3.13,4.2,2.56,6.89,0.26,0.6,0.3,4.54,9,1.13,0.87,5.26,3.17,2.38,8.43,1.01,0.77,1.72,9.99,30.04,0.67,2.48,5.05,4.64,9.33,11.12,4.91,10.9,11.86
RPIA,93.23,81.44,55.15,163.5,110.55,89.75,46.07,88.15,207.68,452.21,151.48,687.56,264.16,127.11,522.6,178.21,113.19,384,169.4,148.91,250.36,271.45,233.89,274.05,161.08,157.62,276.92,373.79,274.19
SDHA,1815.91,698.04,993.73,779.53,790.26,909.37,559.28,1102.71,946.12,615.57,1184.48,1726.1,1636.22,641.65,1034.83,1192.31,1046.09,1422.06,1166.31,912.91,1421.32,2029.26,888.79,553.94,1109.6,992.71,857.14,1051.6,1399.95
SDHB,351.27,251.5,197.25,306.74,355.19,282.89,309.66,405.27,344.47,505.6,382.27,412.5,338.99,255.61,514.37,385.5,332.33,368.72,405.41,419.41,459.11,358.01,300.68,293.03,308.67,392.25,301.93,369.5,276.41
SDHC,1867.37,729.5,967.58,1467.8,1442.07,1616.33,1046.43,1686.81,1710.37,1694.37,1436.19,1949.59,1461,1108.61,1215,1344.16,1187.89,981.49,1764.72,1270.31,1574.2,1601.37,1596.46,1129.73,1892.38,1671.21,1419.86,1286.74,1299.68
SDHD,895.71,413.72,716.36,1547.29,496.94,658.8,450.09,741.81,1639.34,1370.96,1727.51,753.35,767.14,824.05,1249.72,1037.43,850.44,793.22,2311.66,925.6,2152.17,1229.71,711.04,1012.8,1904.07,1529.26,1455.75,1645.3,1570.9
SLC16A1 (MCT1),224.63,829.78,643.02,555.04,593.28,237.55,955.65,974.82,299.53,646.82,216.45,377.33,1197.75,823.57,325.18,32.26,688.85,1915.42,373.19,2176.49,188.38,217.28,742.59,326.71,403.47,303.9,470.33,332.69,548.87
SLC16A3 (MCT4),1162.89,1859.54,1981.65,469.48,210.83,355.43,1212.07,931.07,196.44,1349.09,513.59,1126.08,2663.72,1221.56,297.23,1194.27,892.69,894.09,795.95,580.38,1404.2,659.27,1295.65,2768.5,212.22,97.37,231.8,309.21,215.71
SLC16A7 (MCT2),264.05,97.07,138.72,401.32,55.8,13.16,173.07,37.59,338.14,15.84,161.39,101.98,505.24,268.97,625.52,59.07,30.73,74.51,394.28,126.38,26.44,65.31,13.31,122.3,272.56,660.03,343.7,310.89,374.09
SLC1A2 (glutamate transporter),23.15,1.87,2.27,31.18,5.79,2.39,0.61,3.89,21.74,3.02,5.24,10.53,14.47,9.05,29.28,43.14,4.61,6.88,157.56,3.11,5.78,70.88,1.97,30.41,63.41,163.4,85.33,116.86,36.71
SLC25A5 (adenine nucleotide translocase 2),4498.26,2362.87,372.39,2421.35,4880.98,8801.95,2819.38,3368.12,1808.4,1473.92,7029.48,3800.98,3770.55,4110.25,2159.17,3293.11,2512.4,2849.63,2192.56,2740.81,2992.55,4816.71,8773.3,3373.91,2647.09,3094.98,2871.65,3371.67,1715.31
SLC2A1 (GLUT1),127.02,748.34,106.32,495.58,673.82,660,835.33,2476.59,317.52,117.67,667.7,349.37,420.66,1639.29,288.81,193.53,1079.63,395.46,128.34,2397.66,481.62,550.63,774.38,364.81,353.1,477.07,580.23,551.04,249.66
SLC2A3 (GLUT3),3134.52,5733.55,13901.1,3031.13,679.87,1414.54,947.77,2387.46,1542.62,1822.79,965.72,2423.89,1810.64,6868.75,2068.67,1554.12,1033.28,3459.44,3451.59,1741.4,929.91,1758.68,3281.39,14569.91,2722.77,1565.94,3406.03,7766.02,4673.88
SLC5A1 (sodium glucose cotransporter),69.45,0,0,118.19,20.53,3.59,11.52,12.96,336.64,28.66,44.28,121.39,3.62,70.46,2.22,52.01,0,3.44,440.51,6.22,105.74,43.33,47.07,150.31,181.54,281.44,245.08,17.89,19.82
SLC7A1 (glutamine transporter),1399.72,1977.14,974.48,1739.06,734.1,772.49,1097.5,1257.41,856.59,1081.68,1249.17,1747.52,771.66,383.22,245.33,1290.43,603.32,886.07,983.47,1599.99,2336.55,1372.4,1316.35,532.09,1870.83,1718,1507.42,560.55,1387.19
SLC9A1 (Na+/H+ proton antiporter),686.41,370.09,143.27,383.56,59.75,345.26,263.39,828.34,240.67,672.85,224.61,500.04,982.89,379.65,356.24,1256.56,490.14,641.91,209.71,225.57,436.96,726.44,560.21,590.2,430.31,352.14,531.65,748.98,753.05
SOD1,447.39,335.79,192.74,597.09,519.84,326.71,275.21,467.32,618.55,723.01,408.14,889.88,513.84,273.49,909.01,388.08,319.33,651.65,772.65,326.58,397.2,709.1,605.31,371.37,446.93,621.13,496.71,484.78,363.37
SOD2,20158.65,9349.02,20232.65,12854.28,8976.28,10937.52,8098.06,10824.45,11607.68,5242.46,7613.28,6150.53,13887.61,13221.46,7896.24,4506.94,9099.28,18634.91,23685.08,3670.81,11699.42,10481.19,19165.6,28405.7,2634.56,5740.9,11781.72,10982.24,14159.89
TALDO1,2802.26,2438,1264.15,3256.98,2108.85,1406.16,2515.98,1457.37,2959.65,2842.25,3692.74,2558.11,3384.72,1501,3506.93,2191.38,1345.19,1234.53,2692.25,1927.86,4830.83,3743,1847.48,2507.1,3606.92,3564.72,3397.48,2215.91,1931.34
TP53,68.52,39.67,59.7,152.26,230.57,81.38,127.3,52.5,107.96,128.99,118.27,58.56,242.44,49.03,123.77,204.02,54.29,177.67,215.63,62.67,67.09,180.14,115.84,44.18,172.07,178.74,169.94,223.38,84.14
TP53I3,245.44,192.74,112.43,643.13,177.67,96.94,133.06,85.56,785.18,373.38,271.8,525.54,259.63,151.74,399.05,259.86,155.57,335.57,388.91,60.86,982.23,418,133.95,209.54,792.11,629.58,801.2,270.07,226.35
TUBB,5136.73,5599.73,5904.29,5037.83,10286.28,8194.61,3255.98,4484.4,5651.73,4444.78,7077.91,5340.09,7311.77,7443.11,4335.41,7306.44,8626.36,6578.16,5302.02,5124.93,6634.45,7440.03,5971.15,2297.68,5748.08,6326.35,5114.95,4898.84,8100.6
TXN,8006.54,9709.54,6330.7,14474.68,7367.27,10643.92,9892.98,25540.94,10502.17,5791.23,7497.05,6317.43,4293.28,10789.38,4564.99,7437.98,8416.48,5773.38,8022.38,12924.5,7371.61,5730.2,6891.07,6286.96,18544.28,12262.18,13800.9,5062.63,3491.8
VEGF121_FASTA,168.94,242.68,223.15,163.14,123.71,460.74,281.88,703.24,153.7,577.05,327.73,226.99,298.53,183.28,53.24,259.05,311.14,200.6,162.74,347.04,251.03,89.76,276.04,509.04,341.34,175.62,225.61,464.09,178.68
VEGF121b_FASTA,0,0,0,0,0,0,0,0,0,0,0,0,0,0,0,0,0,0,0,0,0,0,0,0,0,0,0,0,0
VEGF165_FASTA,101.68,112.01,419.3,83.38,22.37,107.71,165.19,453.71,61.85,863.69,155.13,129.12,126.65,49.99,72.09,232.85,84.51,171.94,40.69,330.2,135.51,51.07,141.72,282.13,189.21,147.84,131.91,489.26,156.75
VEGF165b_FASTA,3.13,0,0,0,1.32,0,1.52,3.24,0,3.77,0,0,2.26,0,0,0,0,0,0,0,0,0,2.46,3.2,0,0,0,0,0
VEGF189_FASTA,156.43,189.01,480.42,184.89,113.18,538.53,439.49,594.68,238.05,1101.29,390.36,189.16,382.21,179.71,206.29,138.1,138.28,469.97,70.27,811.91,253.25,71.19,327.79,204.9,442.33,330.13,196.5,503.23,177.05
VEGF_full_length_206_FASTA,24.58,42.5,88.73,17.61,21.81,94.03,108.68,122.45,24.63,200.43,56.18,61.1,65.91,43.52,35.17,81.07,37.13,162.93,38.57,149.28,67.44,18.57,62.5,123.72,104.1,67.8,72.26,211.68,67.18
VHL1,265.34,150.07,170.92,302.71,282.79,138.75,247.97,285.39,364.33,692.79,320.27,587.22,251.04,153.68,357.68,137.47,227.43,346.39,425.35,266.27,301.7,536.43,562.39,197.39,401.42,437.81,303.62,483.14,387.81
VHL2,131.4,63,85.99,203.02,113.18,74.8,87.9,127.2,146.2,376.21,150.76,229.46,142.48,72,215.16,98.78,144.04,156.18,204.35,91.29,202.71,269.28,219.35,94.84,269.75,267.88,188.31,363.45,240.81
