ROI,N13_02,N13_04,N13_08,N13_09,N13_11,N13_13,N13_16,N14_01,N14_03,N14_04,N14_08,N14_11,N15_01,N15_02,N15_03,N15_04,N15_07,N15_09,N15_12,N15_13,N15_14,N15_15,N15_17,N15_18,N16_01,N16_02,N16_05,N16_07,N16_09,N16_11,N16_13,N16_16,N16_19,N17_03,N17_05,N17_06,N17_07
,A,G,G,G,G,G,G,G,G,G,A,G,G,G,G,G,G,G,G,G,G,G,G,G,G,G,G,G,G,G,G,G,G,G,G,G,G
ABAT,279.12,98.7,461.48,48.77,235.68,48.87,135.88,495.79,190.95,19.49,955.17,393.57,37.55,11.37,604.62,434.2,753.74,621.44,686.49,1106.31,165.25,490,152.73,430.12,370.68,406.45,472.51,406.86,56.5,343.41,473.88,89.55,313.97,390.46,930.28,293.65,321
ACACA,245.47,107.04,361.41,100.01,155.14,401.54,249.26,277.4,241.33,40.75,339.74,257.13,52.4,188.17,411.8,248.7,340.27,192.71,252.72,402.23,113.36,201.59,275.38,252.29,189.61,294.3,200.31,215.85,90.32,294.17,245.96,171.26,217.15,238.39,389.86,149.77,304.15
ACACB,18.7,31.55,43.32,24.86,75.23,46.23,98.62,97.77,97.84,13.29,32.98,64.64,36.72,22.74,113.84,221.92,41.32,134.25,37.01,194.84,43.93,67.46,50.6,69.2,94.16,64.89,70.73,69.29,26.11,63.05,46.39,74.32,44.53,51.8,109.24,60.73,78.91
ACLY,752.85,643.37,1139.03,435.74,1394.97,2734.58,639.8,1157.35,897.48,596.21,822.5,1059.14,166.9,749.83,1283.99,747.37,1786.03,1568.21,1079.98,1286.88,971.49,1279.11,1419.8,1794.71,775.77,1722.86,972.85,927.78,786.35,1332.44,1651.58,414.6,494.34,1387.86,2044.91,1610.36,3069.82
ACO2,228.27,105.46,157.09,70.41,154.71,240.17,107.26,130.36,182.95,109.85,592.05,225.96,49.51,41.69,308.25,241.2,353.79,133.71,316.2,422.4,209.87,211.27,229.91,266.5,127.01,312.95,293.07,164.34,81.12,285.63,185.55,151.56,195.89,289.19,324.32,230.56,234.6
ACSS2,56.46,84.96,95.59,48.58,69.07,117.11,113.56,102.13,104.21,60.24,125,44.91,50.75,91.72,176.45,167.3,133.15,150.49,241.01,204.93,84.68,105.37,158.09,136.12,69.33,156.35,269.01,209.41,116.65,110.03,123.7,110.37,105.82,272.26,281.64,126.48,204.9
ACTB,16440.53,15832.92,14317.85,19037.56,12494.21,16356.97,18131.73,13210.67,11937.93,13816.69,10696.83,14715.54,10115.08,19856.65,15796.65,8897.7,11860.93,11719.65,16799.62,9882.26,11067.51,13732.44,12946.11,9339.6,12550.04,14223.07,13729.27,15290.64,8175.46,7905.7,10775.51,14548.55,14809.06,10030,11682.27,7926.5,15439.03
ADPGK,213.69,304.22,38.57,123.36,133.67,610.67,193.65,199.65,389,261.34,202.46,111.84,175.98,245.21,271.54,157.02,263.24,497.75,646.21,289.8,249.47,207.61,315.95,308.44,356.97,417.18,898.64,376.81,199.91,164.8,311.25,393.33,238.67,300.48,657.51,253.55,415.69
ALDOA,5421.04,13636.68,6076.11,16729.5,9959.88,10484.4,14865.33,9870.28,12327.88,14476.02,11689.48,12890.49,15607.92,12769.65,13227.15,9567,8190.67,8639.52,9431.52,8611.12,10716.18,5479.12,7213.93,9327.34,13506.56,9704.9,7944.85,15232,10919.02,10089.76,10618.74,8203.83,5939.89,6561.77,6061.67,11692.37,7926.79
ARHGAP26,438.59,283.49,364.21,254.12,367.44,809.24,669.32,532.99,1003.32,948.35,732.77,329.21,562.8,388.84,892.01,1718.6,634.11,1688.66,334,1792.93,787.8,492.87,474.74,745.43,429.92,737.02,1184.47,669.31,393.6,739.83,415.76,1048.37,524.37,1357.97,2096.12,1300.2,1618.1
ATG4A,52.16,35.15,30.75,22.96,31.88,75.73,69.65,50.55,70.93,17.72,51.38,34.61,18.98,57.23,80.56,54.62,53.82,64.15,97.43,75.03,42.79,45.23,35.91,63.02,112.52,89.41,135.96,55.5,26.33,38.44,32.93,89.32,29.77,73.05,135.19,73.41,62.33
ATP5A1,3281.19,1464.53,1773.53,1170.37,1916.91,1487.93,1816.1,3027.83,2548.58,414.16,3210.63,2554.47,723.3,3034.37,2680.51,2683.18,2526.76,2371.81,2770.34,3119.17,2004.66,1394.42,2560.02,2683.58,2146.24,2881.66,3478.61,1599.85,1319.72,2021.27,1563.68,2208.22,1734.71,2642.9,2557.33,1902.54,3083.46
ATP5C1,1916.25,603.93,1200.52,1070.93,799.49,1054.03,1401.26,1499.16,1033.14,295,1264.62,770.26,336.07,1004.32,1926.38,1647.48,1540.65,1358.18,2110.54,1252.2,880.44,802.19,1304.37,1007.12,1052.82,1535.86,2027.16,1114.19,626.9,1716.55,803.46,1361.78,620.18,1058.16,2840.68,1019.23,1292.82
BCAT1,237.8,1138.46,926.59,1310.24,1031.14,1422.33,3808.39,2643.16,888.93,2003.46,194.03,874.94,618.5,1118.96,304.03,323.03,773.64,327.77,4542.2,274.55,1598.81,662.83,1910.16,696.39,344.3,2152.3,1314.62,386.01,1344.97,296.68,1709.99,1306.71,716.75,4834.92,611.08,2899.95,1604.99
BCAT2,29.91,61.97,47.52,94.13,28.69,81.67,76.67,26.69,41.1,63.78,98.93,71.22,13.62,42.45,107.51,53.12,136.21,186.76,79.63,114.89,45.52,97.27,47.33,55,176.16,31.68,100.3,68.07,42.81,66.82,74.73,82.83,67.3,181.28,150.89,248.25,318.32
C12orf5,244.67,48.17,69.88,51.95,53.4,145.84,75.59,151.08,116.39,46.51,78.61,64.36,22.95,40.27,124.15,77.65,157.83,78.49,286.33,139.3,84.5,54.91,140.2,153.53,80.19,116.24,391.34,79.33,46.55,57.78,145.32,71.08,144.79,183.44,167.28,86.97,181.9
CA12,50.48,2173.25,43.6,1629.83,710.24,56.36,3537.17,375.69,569.58,1651.31,36.04,2642.57,1114.04,556.17,234.82,111.82,357.61,1251.54,855.83,237.65,1726.73,220.94,144.33,813.03,790.78,1186.13,299.74,684.64,2207.52,79.38,478.75,524.97,795.3,647.78,69.64,7958.94,2213.82
CA9,18.13,118.98,18.45,45.55,71.62,33.02,102.22,2.05,118.21,670.63,3.83,56.92,152.25,213.94,392.51,4.07,194.37,55.21,37.01,8.36,98.33,46.02,7.46,24.52,224.79,25.04,2.9,101.49,146.83,3.01,66.72,75.44,69.55,27.89,2.05,201.07,83.46
CAT,322.12,119.21,188.67,92.99,142.39,218.38,231.26,274.07,371.72,164.78,168.72,243.41,128.73,188.17,545.19,155.09,331.6,322.36,372.17,745.91,237.64,255.72,212.65,214.26,357.75,358.93,698.33,384.79,269.04,142.69,156.91,418.63,304.96,241.38,597.43,203.73,223.9
CBR1,21.03,52.96,343.11,68.32,107.32,137.86,312.7,227.11,138.67,115.72,135.17,91.88,20.63,157.99,523.33,252.77,344.35,238.18,221.92,369.94,153.93,177.15,272.81,334.85,308.15,212.04,439.17,422.34,47.09,272.25,252.33,138.52,239.85,236.98,312.8,171,221.69
CBS,107.31,39.21,72.67,40.23,88.62,52.39,58.49,31.82,25.46,8.86,144.18,74.65,18.57,59.88,264.93,115.24,338.48,99.6,141.94,327.69,93.32,314.81,121.72,109.76,34.15,13.28,79.14,91.67,48.8,232.37,278.32,92.23,156.36,217.48,291.89,262.4,289.7
CHKA,60.76,52.51,58.14,44.6,80.12,42.71,49.31,112.91,62.56,34.11,167.95,108.12,47.86,59.31,195.99,97.25,170.64,119.09,117.81,220.43,53.26,79.75,142.24,122.37,35.44,55.95,133.06,83.4,43.02,121.84,162.35,73.2,77.3,118.53,225.32,156.85,174.68
CKB,2536.56,676.27,1809.86,1631.16,2623.54,60.32,734.11,2418.36,109.48,682.14,2182.6,1881.75,39.61,17.81,8041.79,2706.1,5492.25,4975.57,1323.8,7758.2,3364.24,5471.8,6017.52,9721.71,7082.06,4446.39,1611.76,574.88,694.96,5155.92,5449.82,740.33,4679.51,6910.73,857.22,4553.06,4552.29
CPT1A,106.38,152.11,87.21,52.95,198.92,1194.48,320.17,391.09,884.56,125.8,248.48,125.85,90.36,80.91,209.2,473.62,207.37,221.4,247.8,254.62,215.78,180.68,139.9,249.09,369.91,546.19,562.66,176.3,115.79,138.92,106.23,250.06,313.97,347.96,365.97,153.9,189.12
CS,1501.28,257.74,388.96,200.63,323.89,425.49,347.29,764.56,452.49,266.46,1029.44,390.42,130.94,243.09,360.31,481.17,344.51,420.46,657.06,530.38,310.85,323.24,497.9,442.62,542.17,541.67,590.91,263.2,191.89,259.69,405.07,344.06,302.24,454.35,547.61,349.01,446.56
CYCS,577.91,627.59,532.13,382.88,688.56,1288.37,764.43,1008.19,1105.25,135.1,570.86,750.81,232.61,844.2,1107.08,2078.9,1112.44,517.3,1699.84,672.84,597.79,318.67,1405.46,682.01,583.96,752.03,1241.79,633.9,391.68,1053.84,1191.87,882.88,997.57,1597.03,1091.59,685.11,975.37
D2HGDH,91.78,34.01,34.3,24.41,39.41,77.55,85.4,55.52,96.39,29.8,86.1,51.61,36.57,35.75,137.11,74.1,117.45,108.26,90.28,213.47,67.87,112.79,52.99,62.91,114.17,56.55,93.69,82.36,72.87,43.28,76.4,79.37,78.8,80.89,103.81,128.25,129.98
EGLN1,166.39,163.38,56.18,129.43,153.65,150.36,61.37,138.57,237.51,176.29,183.29,324.06,90.98,54.57,209.2,130.67,361.44,223.84,253.42,323.75,174.81,135.44,230.84,210.13,110.97,187.51,305.54,191.01,115.58,81.39,432.94,128.05,113.08,249.68,267.31,204.02,107
ENO1,12496.04,19163.55,11092.03,18353.07,18363.48,22402.35,8183.33,6066.69,16900.55,16845.36,8613.44,15743.57,12381.94,26400.36,8127.1,8897.81,13928.05,13340.1,10814.81,11092.14,11274.76,10734.16,13184.58,6951.97,14169.81,5566.09,7525.39,10649.52,15627.71,9817.95,11352.62,11192.67,9509.37,10999.59,9000.33,9655.68,15710.74
EPAS1,183.03,1464.53,326.19,3584,1968.56,949.24,2268.91,1091.91,613.59,837.17,581.31,1196.72,946.11,530.58,1158.79,1187.57,1172.06,838.78,1054.92,731.64,1884.48,643.74,835.23,857.02,825.96,712.75,1901.93,970.4,861.26,1269.64,985.57,941.81,671.47,1478.83,656.49,2194.12,1231.83
FASN,116.53,34.93,105.98,42.07,58.8,1277.55,52.49,72.49,229.14,49.46,306.12,115.6,14.1,73.59,253.8,168.87,187.48,93.83,219.19,161.14,47.42,134.66,177.99,105.03,169,68.12,68.36,72.05,65.81,247.24,140.3,109.88,297.08,156.88,170.12,145.94,292.02
FBP1,31.03,36.96,29.35,14.99,28.05,140.45,26.82,12.32,84.02,190.47,42.18,13.73,79.63,138.71,14.26,24.63,109.68,90.94,28.57,33.95,37.33,30.33,39.17,38.96,51.22,108.83,267.85,130,32.96,9.29,38.37,49.25,53.04,20.59,52.92,30.07,51.89
FH,159.28,100.96,99.32,62.88,115.04,191.82,136.78,233.95,200.95,91.54,228.03,156.36,34.87,127.53,225.4,161.01,175.92,165.28,288.95,294.64,108.8,106.94,128.56,208.6,403.28,167.33,268.34,175.07,62.43,169.74,227.25,184.84,146.27,218.58,184.24,163.93,219.08
G6PC,0,0,0,0.19,0,0,0.36,0,1.09,2.66,0,0,0,0,0,0.43,0.51,0,0,0,0,0,0,1.37,1.03,0.26,0,0.31,0.43,0,0.86,0.9,0.25,1,0,0,0.27
G6PD,269.58,235.49,318.37,161.12,130.91,477.48,402.6,334.12,366.81,182.05,367.73,273.15,86.85,425.79,379.57,325.38,279.31,386.78,253.19,337.28,176.18,193.23,163.92,268.79,364.99,359.95,442.94,283.91,155.39,113.3,167.22,289.24,300.46,251.67,400.79,242.06,278.2
GAD1,114.41,9.92,101.74,2.66,169.59,13.65,66.23,150.38,64.38,7.97,48.7,30.89,49.1,0.38,36.98,990.29,381.59,166.46,193,439.38,51.21,9.41,8.39,67.83,16.04,42.15,36.82,25.75,68.06,492.88,98.79,7.16,145.6,170.66,235.22,22.41,249.31
GAPDH,25443.38,39261.63,34716.98,44423.93,40491.94,26592.49,36080.61,48457.34,27057.4,31685.49,32363.2,50526.85,26514.99,28730.58,33726.38,29776.75,32558.89,23012.19,40097.53,18480.59,35713.76,28404.09,30077.8,36365.72,33626.97,30307.47,21703.04,17402.13,38162.2,35357.36,35358.39,24330.75,38180.33,23145.32,18827.51,47431.96,32904.76
GCLC,236.12,191.77,214.11,100.39,118.59,405.94,170.97,137.55,331.71,74.42,374.63,199.07,82.52,89.63,337.31,386.86,485.41,283.11,237.03,357.7,160.7,241.08,241.8,378.79,234.36,245.76,787.33,382.95,115.15,221.07,310.39,151.78,186.63,132.15,708.72,165.1,205.97
GCLM,61.69,248.56,71,56.36,65.24,149.48,160.54,141.65,495.02,235.65,110.05,78.37,93.87,48.7,234.03,125.53,102.28,202.18,137.49,125.47,127.47,100.67,121.25,123.05,269.28,240.14,173.35,200.52,116,92.95,130.28,166.33,117.58,108.57,218.83,101.72,144.98
GFPT1,609.46,1339.02,468.19,239.12,426.74,1908.84,796.74,639.23,1257.74,286.59,563.29,619.24,1198.42,836.62,690.99,460.76,1360.31,497.75,1163.6,744.92,383.54,393.51,404.79,360,635.31,848.15,1097.5,1087.21,835.58,785.55,736.45,1010.09,586.41,619.55,871.9,546.61,919.66
GLDC,301.93,126.65,173.58,88.25,169.8,34.34,90.35,253.54,165.49,30.12,315.96,412.16,19.81,4.17,97.47,140.74,557.59,630.64,555.1,356.47,282.48,191.14,146.9,447.07,166.33,596,221.47,94.74,71.91,183.89,304.66,29.1,280.95,689.61,406.93,146.53,404.99
GLS,975.51,749.73,1563.61,428.52,1080.23,2026.61,832.91,1185.32,1642.74,358.79,961.31,862.07,337.72,1892.1,1376.44,2794.57,1339.39,836.34,2275.2,1094.26,818.07,802.98,1375.96,734.2,865.27,1094.16,2113.25,961.2,784,1785.63,1064.88,1553.41,917.14,1506.39,2033.64,1220.6,2021.49
GLUD1,1378.58,430.86,573.01,376.52,484.33,403.74,882.94,759.07,488.84,235.65,2304.54,952.17,188.15,364.59,1639.26,887.47,1323.32,1371.71,1388.21,1189.71,615.49,865.73,659.18,1176.69,906.4,1114.6,939.22,732.17,311.63,1125.94,847.84,531.24,784.05,1006.69,1712.06,729.7,765.85
GLUD2,51.41,14.42,19.01,12.53,14.88,12.77,167.01,35.93,22.55,11.52,94.33,27.46,7.84,14.02,24.83,44.56,64.28,41.14,66.75,67.41,17.3,25.62,28.21,51.79,57.43,34.23,74.21,27.59,10.7,37.68,34.93,22.83,25.27,11.95,63.16,39.21,31.56
GLUL,3238.94,1959.17,1666.47,1613.51,1794.93,1003.18,2370.05,1727.29,1548.9,3727.86,10322.87,1944.96,3305.19,1381.98,1356.1,3577.93,1240.93,2296.83,509.19,1676.81,1839.18,1800.49,1282.69,1460.61,1287.69,1994.42,2211.82,1932.82,1577.62,1280.69,978.41,1825.41,2271.58,1797.24,3293.36,971.17,1396.61
GOT1,51.04,47.1,31.86,32.64,43.57,57.24,51.47,25.66,63.65,21.26,69.79,41.19,30.53,38.47,82.68,117.39,71.17,32.75,72.37,56.09,37.33,18.83,62.49,44.91,49.15,33.21,60.3,37.71,22.69,109.28,32.07,34.48,40.03,45.16,36.19,25.36,35.31
GPI_1,438.03,1212.82,572.73,1015.13,657.53,306.21,765.24,941.27,1305.75,764.09,312.13,599.5,415.08,841.54,577.68,620.13,1058.56,542.68,949.29,453.89,875.89,483.2,626.07,673.01,940.03,465.71,676.88,896.81,667.14,754.4,753.63,530.34,540.88,596.98,529.15,751.23,887.03
GPI_2,563.35,1468.14,593.04,996.66,731.77,418.27,965.85,1023.48,1474.27,898.45,471,770.83,272.32,916.52,755.88,889.68,1647.78,730.34,1166.8,860.22,1322.86,752.16,994.88,939.9,1684.42,606.31,1089.48,1414.46,1260.29,1242.67,1179.7,718.61,728.84,992.2,710.65,1706.08,1612.57
GPT,1.87,2.7,1.12,4.55,0.43,0,1.8,1.03,0,4.43,2.3,0,0.41,0,24.83,6.43,4.59,2.71,0.47,1.97,4.55,1.57,1.4,3.67,14.49,0.51,3.48,1.84,0.43,4.52,0.57,2.91,1,1.33,4.78,4.72,10.16
GSS,149.19,136.34,211.03,96.03,136.44,183.38,180.33,419.06,230.6,100.99,286.82,180.48,31.77,247.29,223.2,221.28,272.16,181.88,404.73,334.08,178.91,118.71,192.83,346.25,395.78,428.42,462.65,264.6,137.19,112.04,174.09,253.64,185.88,349.95,184.01,297.78,308.43
HIF1A,6150.52,3159.37,2048.01,5201.11,2332.39,2585.77,2173.52,7362.87,2630.05,1918.41,3782.74,3561.27,613.34,2954.6,2531.27,1554.94,2576.5,2917.46,1657.1,4780.98,2178.33,1798.92,1169.6,3365.53,2317.49,2758.78,2697.37,1359.78,2232.35,1713.03,3257.92,2528.8,2067.19,3159.53,1764.97,1575.28,2685.42
HK1,977.2,1083.25,831.84,2890.73,1449.16,956.07,2201.42,1351.6,1343.76,1448.44,1140.38,1438.7,633.35,1463.84,969.4,1131.67,1179.21,1224.74,1977.98,938.29,1100.55,718,979.8,1225.27,3116.8,2398.31,1683.36,1281.6,1122.59,1529.39,880.77,985.46,833.08,923.69,1127.6,1264.53,1270.89
HK2,18.32,77.97,27.95,62.25,42.08,59.88,42.29,17.96,61.83,542.61,36.81,199.36,449.95,92.66,124.94,19.28,250.48,80.12,33.26,68.39,41.88,37.13,34.74,38.5,71.14,34.74,25.51,71.74,173.79,6.53,74.45,27.76,45.03,12.95,19.12,27.12,21.93
HK3,16.45,18.48,8.94,6.83,3.19,18.49,15.84,3.08,10.55,111.62,8.44,4,10.73,25.01,5.02,2.14,4.08,11.37,7.03,2.46,10.47,9.41,13.52,6.42,11.9,34.23,8.12,19.62,14.13,0,0.57,34.92,12.01,1.33,6.83,5.31,5.62
IDH1,624.42,1293.09,568.91,422.33,464.5,1373.28,859.3,1197.12,879.1,277.16,592.43,359.98,249.41,581.75,743.75,432.32,1098.91,1521.02,2185.09,883,846.02,1072.31,1081.93,1155.98,725.31,1793.46,1963.14,890.57,744.14,669.13,2607.49,1273.08,1094.96,2130.28,931.87,768.98,1923.41
IDH2,550.83,452.74,227.68,154.24,400.02,422.17,209.67,409.07,295.52,227.51,413.08,170.57,87.12,218.35,861.34,524.23,485.92,582.05,717.13,1385.6,332.22,688.62,551.77,696.93,1206.49,757.92,953.85,481.78,221.04,533.49,637.49,602.91,437.69,478.57,1049.77,305.28,510.8
IDH3A,96.28,88.91,73.18,62.8,81.72,180.01,165.08,175.43,175.99,61.21,187.72,125.33,39.57,83.38,221.88,329.88,138.67,150.09,180.77,221.86,119.81,103.04,118.49,137.59,175.08,191.83,257.07,173.79,89.31,159.18,118.7,110.2,108.71,247.66,209.49,170.6,210.47
IDH3B,503.55,246.3,387.27,106.75,188.72,789.09,206.79,521.32,393.91,153.26,433.68,314.48,146.58,311.53,357.65,355.37,405.69,488.95,455.79,508.75,307.63,244.61,448.28,569.44,489.8,660.12,519.76,393.98,296.75,236.52,338.45,294.94,307.34,716.51,522.32,593.2,474.41
IDH3G,327.71,181.69,341.24,236.51,217.21,457.16,479.85,302.17,251.95,159.83,492.73,176.26,120.95,308.48,481.4,394.5,377.83,347.46,484.73,604.16,332.23,402.77,374.83,335.51,177.09,256.21,354.02,404.33,211.36,319.15,325.11,281.7,305.11,275.72,585.48,408.09,600.87
L2HGDH,18.82,10.67,18.82,6.83,10.7,15.34,8.04,19.42,9.09,6.5,18.92,11.44,3.44,5.56,28.88,19.42,48.89,23.28,18.5,44.77,12.29,14.12,19.28,26.43,27.51,23.16,33.43,15.33,10.99,12.06,28.35,20.3,23.52,29.99,22.65,21.92,30.85
LDHA,3257.82,4658.61,1294.44,5649.76,4770.18,3219.77,2542.46,2058.84,6070.83,2464.13,1585.95,4613.55,5715.03,8666.34,3059.02,1385.93,7083.65,4507.33,4827.71,2042.38,4900.91,2728.45,3662,3754.17,2779.74,6016.74,3822.41,5013.87,5454.37,1837.63,8187.76,4264.22,2052.68,3715,2226.53,6137.48,5101.47
LDHB,6396.55,2120.52,4373.3,1801.39,3721.62,3321.03,2647.03,8364.96,3055.96,733.52,3853.29,3595.6,1264.85,2215.57,5563.61,7721.37,3953.13,1946.33,6386.44,5416.67,2302.84,2810.81,3520.46,5182.47,3237.08,3819.22,4758.74,1972.37,1621.5,5163.45,4178.78,4353.99,7553.76,3782.74,5443.42,2135.75,3413.02
MAPK8,229.76,74.14,255.76,60.54,58.44,154.76,62.27,90.07,141.85,31.89,140.34,59.49,50.34,72.58,133.66,169.65,313.49,138.85,176.37,330.88,57.36,105.63,83.24,181.49,109.68,99.63,213.93,99.34,59.93,105.01,125.41,146.63,93.06,120.52,303.15,57.79,112.88
MDH1,492.11,250.92,250.06,153.06,282.49,256.29,176.51,360.35,356.86,160.31,695.96,397.35,186.86,397.28,517.01,839.95,417.54,303.45,436.01,425.69,340.38,190.27,307.88,348.04,589.68,397.54,634.29,358.13,221.19,392.76,392.83,334.08,322.34,492.03,373.56,332.7,393.22
MDH2,449.34,399.65,559.73,300.52,346.19,943.85,742.29,1002.73,803.18,229.45,441.16,761.82,243.75,631.02,593.26,674.97,1054.22,1027.3,1411.05,917.74,482.67,347.76,737.41,914.88,801.12,733.06,879.51,784.14,436.73,551.79,1081.06,547.69,896.12,874.05,884.36,794.42,1073.61
MYC,1348.75,621.58,1250.21,372.07,144.04,1307.14,639.6,540.04,1169.96,440.49,1223.21,1259.61,438.97,1953.48,289.53,108.53,867.11,465.99,586.85,263.37,169.2,196.25,701.98,377.08,351.37,799.47,567.21,790.86,564.57,123.09,400.55,2361.42,581.38,371.87,570.88,276.65,1137.76
NAMPT,3717.16,11225.69,1233.22,5437.01,3904.6,1380.06,17743.98,3362.2,12025.45,10213.08,2340.58,2198.37,30575.05,2801.11,1873.29,535.09,917.25,4147.89,682.51,1809.9,9070.25,6235.03,473.81,1720.23,1372.8,3274.05,2367.48,4565.92,15445.99,652.4,524.28,6563.11,4195.42,3764.14,2406.78,1395.43,1621.58
NAPRT1,10.75,4.51,1.4,0.95,3.72,31.37,0.9,2.57,10.68,22.7,14.38,9.3,2.06,5.21,5.94,9.64,14.67,8.12,8.78,20.91,0.57,1.31,6.41,13.18,13.58,5.75,3.99,3.83,5.35,7.54,7.52,15.11,3.75,3.32,9.39,7.37,11.03
NOX1,0.19,0,0,0,0,0,0,0,0,0.89,0.77,0,0,0,0,1.29,1.02,0.54,0,0.49,0,0,0,0,0.26,0,0,0.61,0,0,0,0,0,0.66,0,0,0
NOX3,0,0,0.28,0,1.7,0,0,0,0.18,0,0,0.57,0,0,0.53,0,1.02,0,0,0.49,0,0,0,0,0,0,0.58,0,0,0,0.57,0.22,0.25,0,1.37,0,0.53
NOX4,54.78,20.96,86.09,16.7,86.28,51.51,55.07,30.28,110.02,17.72,8.44,57.78,11.55,24.44,106.98,27.42,235.69,140.2,100.25,44.77,127.01,152.44,59.93,142.99,90.02,58.25,460.05,57.03,16.69,31.15,149.47,179.77,110.58,148.41,66.91,71.94,189.39
NQO1,43,159.77,203.21,39.09,31.45,118,143.08,52.61,165.31,29.23,32.21,72.65,27.03,189.3,816.73,226.63,145.39,140.47,149.43,97.17,127.01,43.4,101.66,108.85,496.14,187.26,867.91,177.83,61,101.49,100.79,271.33,109.83,177.96,116.75,79.9,206.78
OGDH,209.31,232.28,287.36,166.57,265.97,577.19,436.16,520.64,502.21,142.77,295.99,389.98,150.6,336.21,475.96,676.41,393.21,374.14,459.07,464.68,378.64,298.88,349.31,330.68,480.14,1217.98,610.21,386.32,180.69,241.07,471.13,317.98,444.64,619.35,772.32,391.56,542.41
PARP1,1106.01,576.21,934.14,340.28,898.53,979.62,620.72,2059.36,1028.41,351.7,1233.94,652.13,119.86,927.95,1569,793.22,962.39,1021.75,1721.04,1464.01,657.6,575.5,1716.39,836.63,971.85,1643.92,1541.31,1334.95,494.2,543.88,1955.38,1093.59,1526.56,1229.15,1490.5,1005.96,834.33
PC,134.04,56.79,102.86,19.55,47.6,51.51,66.77,77.5,62.56,45.18,245.02,88.67,36.1,74.66,385.65,328.17,282.11,219.24,123.9,305.79,70.56,135.7,118.22,166.82,206.17,87.88,157.41,369.15,54.58,142.69,125.13,90.89,125.59,105.25,251.6,155.38,147.93
PDHA1,132.92,105.91,281.47,57.31,143.45,211.55,199.41,300.24,267.88,155.92,491.58,187.63,72,319.68,449.04,397.57,317.06,269.04,197.91,401.49,178.91,162.11,286.1,195.24,511.4,406.7,413.08,336.96,143.4,257.49,186.12,284.09,304.21,417.35,427.76,457.87,439.23
PDK1,193.31,408.33,250.73,246.9,395.92,176.55,210.39,83.66,436.1,281.72,102,554.03,343.7,333.51,449.3,140.09,715.48,308.82,361.63,213.05,322.31,252.58,248.56,148.26,282.73,218.42,209.59,447.95,605.92,86.17,697.51,287.45,342.24,208.18,153.28,490.89,277.66
PFKFB1,1.12,1.35,1.68,0.76,0.43,0.44,2.52,1.54,2,0,1.53,0.57,0,1.52,0.53,1.29,2.81,0.54,2.81,4.92,0.91,0.52,2.8,1.6,4.66,1.02,2.03,2.45,0.86,0.25,1.15,1.34,1.5,1.33,2.73,1.18,1.87
PFKM,1148.63,214.98,301.32,170.23,418.24,323.61,382.08,1079.59,201.14,339.3,771.5,572.9,148.95,112.94,536.74,1272.83,490,486.92,968.49,1274.34,478.91,476.92,295.9,748.63,490.71,342.84,531.07,306.6,255.77,785.55,391.13,293.71,217.15,469.81,611.77,567.84,555.59
PGAM1,468.13,339.37,369.8,781.32,431.62,535.38,609.75,326.93,430.28,514.26,426.78,356.96,122.13,409.69,773.67,806.71,685.13,475.01,461.18,503.83,353.04,304.87,368.41,458.76,554.6,527.79,660.07,291.58,398.1,512.48,584.7,397.59,372.01,230.09,513.11,249.43,382.52
PGD,638.81,523.48,1109.12,227.55,658.17,1307.85,555.57,1152.98,735.26,806.61,551.78,466.22,343.08,713.07,990.53,677.54,708.85,998.47,1161.72,1187,341.43,613.41,1258.21,637.5,1129.9,671.11,997.2,393.06,484.78,527.3,1108.98,984.34,569.15,838.36,1218.41,613.25,1103.97
PGK1,2215.19,6350.52,2185.53,7252.26,1777.08,5298.33,7084.96,1702.91,4879.1,4776.32,1418.77,5422.43,5222.58,6213.52,4298.11,2422.06,5391.49,3589.51,4317.82,1799.57,3011.88,1448.55,2426.64,2764.47,3473,3542.55,2432.71,4407.1,6022.84,1512.06,3905.61,2269.11,2741.16,2029.99,1897.77,4481.71,2655.19
PGK2,0,0,0,0,0,0,0.36,0,1.09,5.32,1.53,0,0.41,0,0,0,0,0,0,0,0,0.26,0,0,1.03,0,0,0,0,0,0,0,0,0,0.34,0,0
PKM,5009,4416.14,2772.24,7480.56,6053.37,5286.01,5048.03,6110.83,7059.78,7170.91,5555.43,6488.15,5248.58,7095.43,3562.21,4670.4,2223.73,4670,7273.19,3319.43,5240.98,3063.65,3798.17,3895.33,6041.92,5743.9,4596.11,3624.04,4909.88,2501.59,5844.39,3922.15,2462.21,3793.69,2910.67,6632.5,5859.83
PRDX1,559.73,593.11,767.55,221.28,443.1,933.39,461.45,1081.39,748.71,416.82,564.82,517.13,413.43,860.12,1506.93,526.1,852.2,896.43,697.74,2194.42,445.68,563.47,725.17,1033.24,706.71,1303.9,2020.78,1018.84,402.81,482.08,1779,638.02,449.31,869.24,1662.56,486.17,801.96
PRKAA1,145.26,116.73,120.47,62.63,100.31,273.19,118.78,208.63,247.33,66,170.64,138.15,85.62,115.97,167.47,121.67,242.83,216.26,263.5,279.96,163.66,118.97,136.64,137.49,145.89,169.37,340.9,187.03,82.83,93.45,186.4,187.15,94.07,259.97,334.9,211.39,273.38
PRKAA2,57.58,23.89,16.21,26.57,38.68,12.33,40.49,24.12,30.19,34.55,67.49,48.05,8.25,1.89,31.17,35.56,56.63,39.79,20.14,62.49,31.87,21.96,26.58,32.08,49.67,4.09,37.4,25.14,15.84,21.6,48.68,9.85,27.27,43.16,28.68,41.87,65.54
PTEN,419.71,292.05,438.42,150.78,296.89,413.64,507.25,497.58,565.4,505.85,495.61,343.23,254.79,83.19,836.93,601.39,688.83,758.12,1009.95,774.07,393.9,552.49,197.96,260.2,1171.94,841.51,1620.16,412.07,536.9,319.8,430.36,504.04,779.67,363.9,754.47,287.9,568.3
RPIA,78.89,59.27,68.2,31.88,66.73,86.29,71.99,89.3,95.11,235.65,138.43,135.57,49.93,98.16,86.11,35.56,68.36,132.89,73.08,96.19,63.28,60.92,59.46,57.29,145.64,71.53,166.97,84.93,64.64,29.14,134.58,102.98,60.54,114.88,103.1,86.39,108.34
SDHA,437.47,446.4,578.86,332.21,562.01,1650.58,433.78,554.84,870.41,354.25,774.84,860.52,455.34,457.81,638.15,708.93,940.19,769.58,828.74,1080.52,602.38,633.32,545.18,635.95,818.4,577.11,881.87,711.61,281.55,612.96,671.46,428.87,404.57,687.68,773.57,896.63,907.84
SDHB,270.77,162,160.26,111.76,73.32,377.66,116.78,177.21,266.22,240.42,323.8,184.64,103.5,297.72,338.98,261.1,220.36,222.39,293.03,280.45,179.06,126.38,311.29,213.36,291.73,338.63,401.17,289.57,131.63,134.82,259.61,201.36,203.34,282.22,306.68,218.5,332.89
SDHC,815.34,510.69,513.61,282.77,428.22,778.2,649.02,1098.64,791.09,325.57,763.55,671.44,293.98,733.82,1683.9,995.27,894.35,966.6,1223.79,1412.41,719.28,599.42,1048.7,1002.82,1076.1,1410.17,1411.37,986.49,466.59,639.03,1012.91,820.75,901.25,1064.13,1199.12,870.49,1284.66
SDHD,606.28,370.25,257.99,235.52,450.75,709.07,573.93,663.61,695.79,430.99,451.32,400.15,368.05,445.88,890.69,805.64,599.17,774.36,917.67,1127.22,590.22,562.95,681.1,552.48,661.95,930.15,838.05,760.07,333.03,477.31,497.36,782.19,577.65,882.85,1024.16,529.81,711.81
SLC16A1 ,679.94,1164.37,627.23,788.73,1763.69,1094.1,948.81,707.75,703.07,726.88,1008.09,787.42,586.52,1247.44,1831.56,1775.36,1192.47,922.96,1412.34,1812.85,758.66,1188.91,1270.1,1022.47,833.97,286.63,542.08,1739.35,664.57,1198.79,2351.67,692.64,903.13,1367.27,1450.21,1440.83,1527.95
SLC16A3 ,394.28,587.48,328.99,614.51,428.44,3336.88,212.73,88.02,547.03,966.96,190.57,183.34,638.1,1472.18,734.84,115.67,359.14,487.46,494.44,83.64,551.3,394.56,312.22,208.07,238.76,845.85,398.88,664.1,828.51,52.75,617.91,637.13,537.37,219.14,402.84,263.58,506.11
SLC16A7 ,40.01,22.99,42.49,2.66,32.09,88.28,131.38,3.59,95.84,34.55,55.98,42.33,53.85,32.59,61.28,153.37,2468.35,17.32,141.7,15.5,62.14,5.75,152.03,10.54,217.81,30.66,129.87,132.76,22.26,38.18,14.32,184.47,188.63,33.87,173.77,87.27,47.08
SLC1A2 ,315.01,664.55,1058.81,1182.33,11210.55,92.46,5049.83,7158.6,559.58,14.17,2399.25,4227.71,554.96,4.17,2364.59,30657.58,2443.61,11090.9,1611.66,11221.05,3259.53,2275.06,1227.19,11295.28,239.53,4074.17,1777.86,1386.15,441.55,24641.58,5221.32,188.05,1696.93,6202.19,7227.17,3576.88,5524.65
SLC25A5 ,1339.32,428.84,344.36,1042.08,855.6,2280.21,2307.6,947.18,1468.33,374.29,1592.09,1069.44,237.87,1857.05,1674.39,1672.76,1927.85,1793.95,2706.16,1888.13,961.02,638.77,1288.52,2469.55,1956.89,1571.88,2561.42,973.16,474.29,1450.26,1310.84,1106.8,1134.29,1769.35,1721.62,892.45,1148.37
SLC2A1 ,58.14,185.01,57.58,495.9,526.83,211.33,188.61,189.64,214.41,864.19,252.69,303.76,1015.01,382.97,453.53,276.33,327,415.47,140.77,249.7,366.93,306.97,136.17,196.84,258.42,91.71,224.08,472.47,331.11,180.12,404.02,84.4,246.92,335.34,185.37,518.31,306.02
SLC2A3 ,4600.13,1397.38,1535.66,4605.21,4082.05,3067.21,1732.23,2011.88,7056.87,8608.28,1023.05,4779.45,23844.39,13918.93,1687.6,2837.2,4332.68,2057.84,4209.38,1237.93,6881.67,1699.82,1871.69,1601.99,3464.46,4322.74,2026,5391.29,15210.56,2195.61,1746.36,8822.59,6776.22,3529.74,2428.97,8056.52,4958.89
SLC5A1 ,0,0.45,0.28,0,0.43,0,0.36,0,0.55,0,0,0,0,0,0,0,0.51,1.08,0.47,0,0,1.05,0,0,0.78,0.51,1.16,3.07,0,0,0,0.9,0.5,1.33,1.02,0,0.53
SLC7A1 ,610.4,558.41,384.61,432.51,918.72,891.35,327.91,1492.49,945.12,163.01,1232.79,723.92,430.14,132.08,1672.02,1123.74,1888.57,1225.56,1206.46,1439.16,876.8,1854.61,648.22,1600.85,546.07,447.83,1156.35,778.77,579.38,1241,1083.49,382.14,1423.99,1144.48,1333.8,1076.42,1028.27
SLC9A1 ,392.41,220.62,135.84,144.04,318.56,781.06,318.37,178.09,587.04,208.19,251.54,317.2,196.4,380.32,237.2,411.5,264,434.95,395.13,332.11,296.14,456.27,142,468.38,442.34,725.78,895.45,315.19,194.34,358.48,406.88,337.14,218.15,399.76,249.55,344.07,331.7
SOD1,426.06,293.4,280.63,162.45,224.84,466.04,288.86,334.37,525.76,414.16,472.41,602.36,356.49,342.42,376.4,340.59,496.88,418.98,616.7,901.14,335.74,350.11,363.75,304.31,779.14,510.68,654.56,566.29,268.4,378.83,482.19,299.98,208.4,592.33,478.62,394.48,475.35
SOD2,32944.26,28260.16,16408.98,23429.31,21167.45,12868.73,15148.78,9154.06,20714.87,46301.93,33509.34,11194.66,29153.41,7744.26,12272.54,10375.21,4995.11,22200.48,1498.3,16035.73,37752.79,35718.21,11719.09,21300.91,17684.45,17682.34,19986.35,46628.99,25906.34,23865.33,10198.12,27693.68,24592.87,23188.81,25067.72,12132.55,9519.21
TALDO1,1012.34,868.04,1291.08,305.74,485.39,1419.46,932.97,916.38,1073.7,720.68,1218.99,676.73,345.97,1109.68,2288.26,808,1278.17,1248.56,1556.38,1647.04,663.97,925.87,1384.82,1026.82,1826.26,1357.29,2832.46,1580.53,795.34,694.86,737.31,1404.76,1334.68,1006.03,1819.94,852.65,1151.58
TP53,62.44,46.42,11.18,36.82,62.69,98.18,25.56,109.58,66.92,11.52,52.15,24.03,46.83,18.95,80.83,17.99,27.55,94.19,175.43,77.99,49.17,73.21,96.3,72.18,82.26,76.64,149.58,23.3,32.75,38.69,243.67,46.12,144.1,139.45,53.94,126.78,237.81
TP53I3,53,43.49,36.2,54.09,43.03,136.6,82.7,63.51,38.74,14.62,22.05,70.36,8.87,17.24,144.62,41.24,125.75,110.02,205.88,139,100.84,52.95,54.21,115.03,225.7,95.42,177.12,40.78,22.05,43.84,109.24,99.96,131.34,138.45,80.57,149.63,104.06
TUBB,12498.42,3778.51,8085.34,3522.56,7601.24,10431.89,4170.63,9279.29,4734.94,3352.57,8949.25,5118.74,2147.11,9531.1,4792.85,1451,4993.39,3858.28,5489.79,7329.59,2555.62,4377.35,6797.02,4879.19,8316.14,5586.08,4085.55,3218.94,3163.38,3510.72,8058.19,5505.17,5337.47,4964.99,3740.32,3686.11,5054.05
TXN,1157.54,3131.2,3220.02,1409.43,1299.9,1200.13,3034.93,1586.75,2600.59,1049.05,1385.53,1141.71,1574.79,2694.61,3424.15,1710.46,2570.72,2632.64,2887.53,1991.87,1499.26,1532.65,2037.16,2342.3,2711.37,4838.1,3746.27,3897.43,2790.61,1501.42,2235.32,2853.93,1873.8,2078.46,1765.54,1142.47,2580.47
VHL1,174.33,138.45,241.78,23.84,85.54,162.49,56.8,208.02,194.93,88.59,150.5,112.26,53.25,117.6,373.1,251.16,405.73,370.3,309.9,308.44,110.11,127.47,149.23,218.55,326.26,213.47,386.09,196.8,115.98,78.19,345.03,118.09,128.84,360.04,399,221.86,459.26
VHL2,110.77,50.14,183.78,29.89,73.32,126.03,78.29,128.31,126.39,59.8,38.35,85.09,39.71,49.27,66.7,93.18,210.44,133.98,156.34,134.08,52.35,104.59,80.44,108.27,118.99,99.63,171.76,108.08,23.01,48.36,213.32,85.63,75.68,162.69,159.6,64.13,192.6
