ROI,N13_02,N13_03,N13_04,N13_06,N13_08,N13_09,N13_10,N13_11,N13_13,N13_15,N13_16,N13_17,N13_18,N14_01,N14_02,N14_03,N14_04,N14_05,N14_06,N14_07,N14_08,N14_09,N14_10,N14_11,N14_12,N15_01,N15_02,N15_03,N15_04,N15_05,N15_06,N15_07,N15_09,N15_10,N15_12,N15_13,N15_14,N15_15,N15_16,N15_17,N15_18,N16_01,N16_02,N16_03,N16_04,N16_05,N16_06,N16_07,N16_09,N16_10,N16_11,N16_12,N16_13,N16_14,N16_15,N16_16,N16_17,N16_18,N16_19,N17_01,N17_02,N17_03,N17_04,N17_05,N17_06,N17_07
,A,O,G,O,G,G,O,G,G,O,G,O,O,G,O,G,G,O,O,O,A,A,G,G,O,G,G,G,G,A,A,G,G,O,G,G,G,G,A,G,G,G,G,A,O,G,A,G,G,A,G,A,G,O,O,G,O,O,G,O,A,G,O,G,G,G
ABAT,279.12,804.35,98.7,2318.62,461.48,48.77,2180.61,235.68,48.87,1200.1,135.88,1320.57,2033.99,495.79,2521.43,190.95,19.49,1344.22,1286.27,2525.91,955.17,998.65,1680.18,393.57,1064.03,37.55,11.37,604.62,434.2,1175.03,731.85,753.74,621.44,708.11,686.49,1106.31,165.25,490,1515.25,152.73,430.12,370.68,406.45,662.73,1893.6,472.51,775.2,406.86,56.5,1230.43,343.41,1428.42,473.88,1181.47,2083.98,89.55,1052.88,1214.85,313.97,2267.1,1570.77,390.46,1081.43,930.28,293.65,321
ACACA,245.47,347.74,107.04,427.92,361.41,100.01,339.13,155.14,401.54,326.09,249.26,508.93,362.85,277.4,649.54,241.33,40.75,347.86,448.92,975.46,339.74,262.86,333.29,257.13,545.72,52.4,188.17,411.8,248.7,409.57,254.36,340.27,192.71,445.58,252.72,402.23,113.36,201.59,374.21,275.38,252.29,189.61,294.3,498.62,534.3,200.31,329.66,215.85,90.32,571.63,294.17,447.43,245.96,316.69,555.14,171.26,428.01,392.17,217.15,483.85,380.11,238.39,547.85,389.86,149.77,304.15
ACACB,18.7,51.04,31.55,76.01,43.32,24.86,135.06,75.23,46.23,63.86,98.62,145.01,242.54,97.77,50.37,97.84,13.29,93.97,108.13,101.45,32.98,28.95,69.2,64.64,45.31,36.72,22.74,113.84,221.92,43.04,28.8,41.32,134.25,8.79,37.01,194.84,43.93,67.46,88.67,50.6,69.2,94.16,64.89,136.51,35.73,70.73,34.74,69.29,26.11,46.71,63.05,169.15,46.39,133.79,93.58,74.32,175.08,66.98,44.53,52.93,16.99,51.8,20.85,109.24,60.73,78.91
ACLY,752.85,777.91,643.37,921.82,1139.03,435.74,712.43,1394.97,2734.58,525.38,639.8,1042.15,1036.45,1157.35,975.74,897.48,596.21,961.02,464.43,1107.67,822.5,1019.37,537.51,1059.14,905.46,166.9,749.83,1283.99,747.37,1167.78,1431.13,1786.03,1568.21,800.57,1079.98,1286.88,971.49,1279.11,642.39,1419.8,1794.71,775.77,1722.86,1119.44,2248.1,972.85,1373.54,927.78,786.35,1528.73,1332.44,750.69,1651.58,760.1,1132.09,414.6,1190.38,1084.67,494.34,995.67,815.91,1387.86,1028.21,2044.91,1610.36,3069.82
ACO2,228.27,238.68,105.46,279.44,157.09,70.41,711.51,154.71,240.17,492.7,107.26,552.55,427.45,130.36,515.55,182.95,109.85,244.62,418.79,595.27,592.05,497.62,336.92,225.96,257.57,49.51,41.69,308.25,241.2,389.64,263.45,353.79,133.71,244.96,316.2,422.4,209.87,211.27,281.41,229.91,266.5,127.01,312.95,393.72,262.63,293.07,431.72,164.34,81.12,237.02,285.63,438.95,185.55,366.61,525.11,151.56,411.9,592.84,195.89,245.99,386.08,289.19,405.19,324.32,230.56,234.6
ACSS2,56.46,164.69,84.96,122.29,95.59,48.58,119.46,69.07,117.11,103.12,113.56,117.08,189.23,102.13,130.67,104.21,60.24,130.18,166.63,247.12,125,158.11,110.15,44.91,112.81,50.75,91.72,176.45,167.3,149.74,109.01,133.15,150.49,101.67,241.01,204.93,84.68,105.37,128.78,158.09,136.12,69.33,156.35,210.29,288.61,269.01,147.86,209.41,116.65,181.29,110.03,146.17,123.7,166.93,297.17,110.37,389.24,189.6,105.82,169.6,161.1,272.26,265.56,281.64,126.48,204.9
ACTB,16440.53,14362.54,15832.92,14550.22,14317.85,19037.56,16783.67,12494.21,16356.97,11602.5,18131.73,13129.4,13966.87,13210.67,13581.8,11937.93,13816.69,11737.69,13850.67,9356.28,10696.83,19352.37,14720.04,14715.54,8794.34,10115.08,19856.65,15796.65,8897.7,7266.35,16337.87,11860.93,11719.65,9631.69,16799.62,9882.26,11067.51,13732.44,9900.67,12946.11,9339.6,12550.04,14223.07,9272.19,7069.69,13729.27,5782.7,15290.64,8175.46,7892.25,7905.7,7925.36,10775.51,9750.55,9501.92,14548.55,10116.41,11648.16,14809.06,9696.98,7817.26,10030,8541.1,11682.27,7926.5,15439.03
ADPGK,213.69,248.78,304.22,243.99,38.57,123.36,127.72,133.67,610.67,94.86,193.65,114.93,205.56,199.65,136.13,389,261.34,223.28,264.34,173.86,202.46,203.53,123.88,111.84,173.3,175.98,245.21,271.54,157.02,403.68,172.38,263.24,497.75,99.16,646.21,289.8,249.47,207.61,214.64,315.95,308.44,356.97,417.18,303.39,309.72,898.64,349.8,376.81,199.91,160.94,164.8,171.83,311.25,107.31,260.81,393.33,237.42,242.81,238.67,230.95,352.1,300.48,233.46,657.51,253.55,415.69
ALDOA,5421.04,10043.82,13636.68,8673.07,6076.11,16729.5,11770.03,9959.88,10484.4,13128.16,14865.33,13442.41,11045.26,9870.28,12965.16,12327.88,14476.02,10128.11,10283.73,11711.32,11689.48,11730.86,9431.61,12890.49,10096.18,15607.92,12769.65,13227.15,9567,9201.12,14214.72,8190.67,8639.52,6652.91,9431.52,8611.12,10716.18,5479.12,8787.97,7213.93,9327.34,13506.56,9704.9,9240.32,9782.37,7944.85,9444.39,15232,10919.02,7728.76,10089.76,8709.3,10618.74,10583.15,8683.36,8203.83,9834.4,10135.81,5939.89,8357.22,4896.69,6561.77,9510.94,6061.67,11692.37,7926.79
ARHGAP26,438.59,163.4,283.49,1314.49,364.21,254.12,1653.69,367.44,809.24,612.16,669.32,1151.28,1438.44,532.99,801.12,1003.32,948.35,992.06,1401.49,876.57,732.77,635.3,1098.09,329.21,1000.37,562.8,388.84,892.01,1718.6,820.73,619.51,634.11,1688.66,804.34,334,1792.93,787.8,492.87,1340.29,474.74,745.43,429.92,737.02,1743.77,1101.08,1184.47,1821.25,669.31,393.6,1020.23,739.83,1367.27,415.76,2829.19,1955.95,1048.37,2059.82,442.67,524.37,1475.32,352.73,1357.97,777.19,2096.12,1300.2,1618.1
ATG4A,52.16,68.12,35.15,59.08,30.75,22.96,41.96,31.88,75.73,42.64,69.65,53.49,49.23,50.55,49.18,70.93,17.72,48.71,71.57,52.97,51.38,75.79,21.25,34.61,57.77,18.98,57.23,80.56,54.62,47.12,50.08,53.82,64.15,41.84,97.43,75.03,42.79,45.23,40.98,35.91,63.02,112.52,89.41,66,76.33,135.96,64.55,55.5,26.33,41.39,38.44,68.51,32.93,49.31,95.16,89.32,76.06,48.89,29.77,65.86,50.66,73.05,60.9,135.19,73.41,62.33
ATP5A1,3281.19,1904.11,1464.53,4860.17,1773.53,1170.37,3658.2,1916.91,1487.93,3930.69,1816.1,3285.63,3175.14,3027.83,3261.72,2548.58,414.16,3047.72,4091.25,4622.72,3210.63,3185.57,3790.58,2554.47,2588.61,723.3,3034.37,2680.51,2683.18,2696.2,2413.14,2526.76,2371.81,5316.8,2770.34,3119.17,2004.66,1394.42,3231.7,2560.02,2683.58,2146.24,2881.66,2717.67,2228.15,3478.61,3211.56,1599.85,1319.72,2851.66,2021.27,3670.68,1563.68,2462.38,3882.18,2208.22,2633.09,2333.55,1734.71,3472.68,3453.36,2642.9,5139.13,2557.33,1902.54,3083.46
ATP5C1,1916.25,1523.88,603.93,2380.46,1200.52,1070.93,1361.79,799.49,1054.03,2038.98,1401.26,1961.62,1490.07,1499.16,1849.79,1033.14,295,2836.29,1163.96,2837.54,1264.62,2460.57,2002.58,770.26,2262.17,336.07,1004.32,1926.38,1647.48,3309.43,2563.36,1540.65,1358.18,5234.38,2110.54,1252.2,880.44,802.19,2444.91,1304.37,1007.12,1052.82,1535.86,2656.44,3035.98,2027.16,4504.56,1114.19,626.9,3917.68,1716.55,3390.4,803.46,2773.62,2818.37,1361.78,2743.74,3018.22,620.18,3357.2,2636.51,1058.16,2503.59,2840.68,1019.23,1292.82
BCAT1,237.8,193.7,1138.46,122.09,926.59,1310.24,54.57,1031.14,1422.33,30.05,3808.39,32.65,112.15,2643.16,54.64,888.93,2003.46,92.68,316.42,125.59,194.03,86.86,82.93,874.94,297.21,618.5,1118.96,304.03,323.03,111.45,61.6,773.64,327.77,668.99,4542.2,274.55,1598.81,662.83,75.45,1910.16,696.39,344.3,2152.3,483.81,53.36,1314.62,552.73,386.01,1344.97,57.12,296.68,116.71,1709.99,54.97,96.42,1306.71,70.99,251.45,716.75,63.15,67.97,4834.92,63.65,611.08,2899.95,1604.99
BCAT2,29.91,47.19,61.97,87.24,47.52,94.13,61.91,28.69,81.67,26.67,76.67,30.51,61.72,26.69,38.96,41.1,63.78,46.98,76,50.41,98.93,68.7,53.65,71.22,42.14,13.62,42.45,107.51,53.12,82.46,100.15,136.21,186.76,31.38,79.63,114.89,45.52,97.27,74.58,47.33,55,176.16,31.68,47.68,49.65,100.3,60.01,68.07,42.81,72.61,66.82,58.91,74.73,55.78,43.94,82.83,79.94,68.87,67.3,105.55,97.23,181.28,70.78,150.89,248.25,318.32
C12orf5,244.67,161.57,48.17,40.37,69.88,51.95,63.92,53.4,145.84,46.02,75.59,50.22,68.44,151.08,48.11,116.39,46.51,33.41,137.93,142.57,78.61,73.1,34.34,64.36,176.98,22.95,40.27,124.15,77.65,98.26,22.71,157.83,78.49,142.25,286.33,139.3,84.5,54.91,36.04,140.2,153.53,80.19,116.24,131.12,105.56,391.34,108.08,79.33,46.55,43.94,57.78,54.12,145.32,73.77,79.82,71.08,100.66,93.86,144.79,85.7,98.33,183.44,95.33,167.28,86.97,181.9
CA12,50.48,57.83,2173.25,108.51,43.6,1629.83,533.12,710.24,56.36,249.82,3537.17,25.78,231.74,375.69,427.64,569.58,1651.31,24.14,209.17,309.7,36.04,25.55,107.3,2642.57,122.33,1114.04,556.17,234.82,111.82,38.51,31.46,357.61,1251.54,78.66,855.83,237.65,1726.73,220.94,76.97,144.33,813.03,790.78,1186.13,275.28,132.71,299.74,191.68,684.64,2207.52,179.91,79.38,42.4,478.75,211.19,215.61,524.97,50.11,650.64,795.3,31.88,25.17,647.78,659.23,69.64,7958.94,2213.82
CA9,18.13,208.39,118.98,1.58,18.45,45.55,2.75,71.62,33.02,0.75,102.22,1.29,0.96,2.05,5.23,118.21,670.63,1.72,0.89,2.14,3.83,0.85,0,56.92,1.81,152.25,213.94,392.51,4.07,1.81,127.63,194.37,55.21,92.88,37.01,8.36,98.33,46.02,0.87,7.46,24.52,224.79,25.04,0.5,5.57,2.9,1.97,101.49,146.83,2.77,3.01,1.34,66.72,3.64,1.26,75.44,1.19,5.94,69.55,1.2,1.26,27.89,1.65,2.05,201.07,83.46
CAT,322.12,239.96,119.21,478.53,188.67,92.99,288.68,142.39,218.38,284.95,231.26,262.74,462.51,274.07,270.13,371.72,164.78,470.49,450.91,196.08,168.72,357.96,225.48,243.41,403,128.73,188.17,545.19,155.09,236.05,348.75,331.6,322.36,150.2,372.17,745.91,237.64,255.72,248.24,212.65,214.26,357.75,358.93,393.22,617.36,698.33,211.22,384.79,269.04,215.29,142.69,437.16,156.91,458.77,464.72,418.63,439.05,390.01,304.96,273.95,544.99,241.38,360.48,597.43,203.73,223.9
CBR1,21.03,5.51,52.96,40.86,343.11,68.32,250.79,107.32,137.86,90.63,312.7,175.36,383.62,227.11,214.12,138.67,115.72,14.01,163.14,182.62,135.17,16.32,55.07,91.88,137.05,20.63,157.99,523.33,252.77,7.93,155.93,344.35,238.18,257.04,221.92,369.94,153.93,177.15,19.51,272.81,334.85,308.15,212.04,169.07,28.42,439.17,45.9,422.34,47.09,62.44,272.25,184.66,252.33,168.75,187.71,138.52,588.7,47.6,239.85,53.38,7.08,236.98,11.32,312.8,171,221.69
CBS,107.31,122.83,39.21,383.22,72.67,40.23,648.22,88.62,52.39,287.39,58.49,325.68,575.86,31.82,482.05,25.46,8.86,408.63,344.11,438.5,144.18,217.73,348.84,74.65,232.65,18.57,59.88,264.93,115.24,1171.63,778.6,338.48,99.6,221.74,141.94,327.69,93.32,314.81,455.72,121.72,109.76,34.15,13.28,159.1,428.28,79.14,287.62,91.67,48.8,370.45,232.37,643.36,278.32,391.26,427.42,92.23,634.41,374.34,156.36,557.83,617.67,217.48,360.75,291.89,262.4,289.7
CHKA,60.76,92.35,52.51,141.2,58.14,44.6,196.05,80.12,42.71,98.05,49.31,175.3,220.69,112.91,210.73,62.56,34.11,130.39,181.92,320.17,167.95,124.62,113.77,108.12,176.7,47.86,59.31,195.99,97.25,172.39,110.56,170.64,119.09,177.39,117.81,220.43,53.26,79.75,139.84,142.24,122.37,35.44,55.95,210.04,164.72,133.06,159.9,83.4,43.02,98.74,121.84,140.59,162.35,94.58,192.21,73.2,279.77,136.39,77.3,220.12,176.52,118.53,158.02,225.32,156.85,174.68
CKB,2536.56,3852.29,676.27,6603.37,1809.86,1631.16,8276.93,2623.54,60.32,10187.57,734.11,3853.85,5347.93,2418.36,7099.81,109.48,682.14,6260.53,3973.14,5107.56,2182.6,4135.96,11373.03,1881.75,3473.68,39.61,17.81,8041.79,2706.1,7501.21,10596.89,5492.25,4975.57,5574.74,1323.8,7758.2,3364.24,5471.8,6118.89,6017.52,9721.71,7082.06,4446.39,4314.64,12125.59,1611.76,4531.21,574.88,694.96,5746.57,5155.92,8542.38,5449.82,11938.63,6206.11,740.33,7535.97,12038.84,4679.51,7411.76,11101.72,6910.73,15599,857.22,4553.06,4552.29
CPT1A,106.38,835.38,152.11,564,87.21,52.95,319.87,198.92,1194.48,317.63,320.17,270.9,332.35,391.09,394.14,884.56,125.8,456.91,516.5,291.34,248.48,388.05,208.11,125.85,435.4,90.36,80.91,209.2,473.62,257.12,349.2,207.37,221.4,189.53,247.8,254.62,215.78,180.68,212.69,139.9,249.09,369.91,546.19,250.94,683.01,562.66,469.62,176.3,115.79,188.23,138.92,380.48,106.23,460.59,285.79,250.06,224.59,677.65,313.97,212.31,452.48,347.96,324.26,365.97,153.9,189.12
CS,1501.28,746.45,257.74,983.04,388.96,200.63,684.45,323.89,425.49,464.49,347.29,548.42,648.3,764.56,726.4,452.49,266.46,973.09,699.5,530.5,1029.44,472.64,676.26,390.42,750.75,130.94,243.09,360.31,481.17,777.44,869.46,344.51,420.46,710.53,657.06,530.38,310.85,323.24,387,497.9,442.62,542.17,541.67,577.71,885.67,590.91,605.17,263.2,191.89,688.81,259.69,725.95,405.07,539.35,821.96,344.06,689.18,1197.75,302.24,717.4,849.97,454.35,673.07,547.61,349.01,446.56
CYCS,577.91,1664.33,627.59,639.77,532.13,382.88,526.24,688.56,1288.37,652.5,764.43,388.04,763.35,1008.19,765,1105.25,135.1,372.86,755.31,1342.14,570.86,365.84,307.44,750.81,695.18,232.61,844.2,1107.08,2078.9,519.05,266.16,1112.44,517.3,1343.79,1699.84,672.84,597.79,318.67,533.88,1405.46,682.01,583.96,752.03,1152.44,855.51,1241.79,817.5,633.9,391.68,879.29,1053.84,653.57,1191.87,715.94,869.38,882.88,767.66,1440.24,997.57,608.58,674.55,1597.03,1896,1091.59,685.11,975.37
D2HGDH,91.78,77.11,34.01,210.8,34.3,24.41,209.6,39.41,77.55,104.93,85.4,88.67,167.01,55.52,134.88,96.39,29.8,122.46,162.46,198.83,86.1,100.13,112.86,51.61,95.14,36.57,35.75,137.11,74.1,94.53,121.66,117.45,108.26,108.4,90.28,213.47,67.87,112.79,123.97,52.99,62.91,114.17,56.55,111.44,86.26,93.69,88.74,82.36,72.87,125.71,43.28,127.91,76.4,169.67,245.29,79.37,244.98,132.34,78.8,173.46,174.49,80.89,146.27,103.81,128.25,129.98
EGLN1,166.39,218.12,163.38,272.55,56.18,129.43,237.55,153.65,150.36,237.43,61.37,231.8,327.79,138.57,324.3,237.51,176.29,293.76,291.82,238.58,183.29,220,152.91,324.06,275.69,90.98,54.57,209.2,130.67,253.26,152,361.44,223.84,184.3,253.42,323.75,174.81,135.44,161.09,230.84,210.13,110.97,187.51,244.67,258.91,305.54,307.16,191.01,115.58,241.18,81.39,280.28,432.94,247.77,472.63,128.05,410.11,213.37,113.08,364.17,277.84,249.68,124,267.31,204.02,107
ENO1,12496.04,14927.01,19163.55,4454.1,11092.03,18353.07,8368.42,18363.48,22402.35,14631.62,8183.33,10232.62,9399.82,6066.69,9891.6,16900.55,16845.36,9058.68,7325.2,9166.83,8613.44,8450.19,8567.29,15743.57,9952.55,12381.94,26400.36,8127.1,8897.81,11460.11,11164.34,13928.05,13340.1,7664.14,10814.81,11092.14,11274.76,10734.16,6542.96,13184.58,6951.97,14169.81,5566.09,7731.93,8598.7,7525.39,9148.08,10649.52,15627.71,8859.53,9817.95,7415,11352.62,5224.48,3904.94,11192.67,5499.71,4145.02,9509.37,5938.25,8788.05,10999.59,4147.13,9000.33,9655.68,15710.74
EPAS1,183.03,266.04,1464.53,1405.08,326.19,3584,2997.14,1968.56,949.24,1360.51,2268.91,807.12,1455.49,1091.91,1243.96,613.59,837.17,387.51,1749.59,1116.43,581.31,1274.85,789.68,1196.72,1408.36,946.11,530.58,1158.79,1187.57,535.98,1068.42,1172.06,838.78,379.47,1054.92,731.64,1884.48,643.74,514.91,835.23,857.02,825.96,712.75,484.56,1421.94,1901.93,674.92,970.4,861.26,318.88,1269.64,393.87,985.57,1135.6,1370.14,941.81,704.5,1063.06,671.47,377.4,315.6,1478.83,1915.69,656.49,2194.12,1231.83
FASN,116.53,144.13,34.93,137.36,105.98,42.07,245.16,58.8,1277.55,88.6,52.49,217.87,235.54,72.49,327.27,229.14,49.46,91.06,134.42,343.17,306.12,88.47,123.97,115.6,106.85,14.1,73.59,253.8,168.87,370.95,385.35,187.48,93.83,309.25,219.19,161.14,47.42,134.66,200,177.99,105.03,169,68.12,239.44,266.03,68.36,125.35,72.05,65.81,337.61,247.24,282.85,140.3,217.93,279.78,109.88,401.42,359.44,297.08,227.54,511.06,156.88,478.94,170.12,145.94,292.02
FBP1,31.03,6.61,36.96,44.11,29.35,14.99,15.59,28.05,140.45,15.59,26.82,6.23,7.68,12.32,4.28,84.02,190.47,25.65,54.95,12.39,42.18,22.99,9.85,13.73,18.35,79.63,138.71,14.26,24.63,17.67,10.19,109.68,90.94,10.25,28.57,33.95,37.33,30.33,12.14,39.17,38.96,51.22,108.83,18.07,5.1,267.85,38.3,130,32.96,14.34,9.29,24.55,38.37,7.48,29.72,49.25,3.58,39.97,53.04,20.45,14.47,20.59,4.12,52.92,30.07,51.89
FH,159.28,227.6,100.96,183.73,99.32,62.88,225.09,115.04,191.82,210,136.78,172.8,243.18,233.95,300.3,200.95,91.54,179.17,254.82,235.38,228.03,137.96,141.76,156.36,162.05,34.87,127.53,225.4,161.01,183.42,112.41,175.92,165.28,248.31,288.95,294.64,108.8,106.94,173.88,128.56,208.6,403.28,167.33,321.95,289.85,268.34,181.94,175.07,62.43,153,169.74,206.94,227.25,170.57,252.81,184.84,277.88,264.14,146.27,204.59,175.68,218.58,248,184.24,163.93,219.08
G6PC,0,0,0,0.59,0,0.19,0,0,0,0.75,0.36,0,0,0,1.43,1.09,2.66,0.22,0.44,1.5,0,0,0.52,0,3.17,0,0,0,0.43,0.23,0.44,0.51,0,0.21,0,0,0,0,1.73,0,1.37,1.03,0.26,0.5,10.21,0,1.38,0.31,0.43,0.92,0,2.23,0.86,0.4,5.69,0.9,1.79,1.89,0.25,5.41,1.89,1,1.1,0,0,0.27
G6PD,269.58,240.52,235.49,267.43,318.37,161.12,259.79,130.91,477.48,189.34,402.6,252.64,359.73,334.12,227.84,366.81,182.05,210.78,703.74,309.06,367.73,323.89,203.71,273.15,251.45,86.85,425.79,379.57,325.38,145.66,230.88,279.31,386.78,214.21,253.19,337.28,176.18,193.23,254.75,163.92,268.79,364.99,359.95,311.42,319.23,442.94,260.57,283.91,155.39,250.43,113.3,266,167.22,303.76,302.86,289.24,356.43,281.43,300.46,274.55,213.02,251.67,338.26,400.79,242.06,278.2
GAD1,114.41,222.89,9.92,1059.86,101.74,2.66,406.31,169.59,13.65,591.13,66.23,82.28,386.15,150.38,313.13,64.38,7.97,537.09,686.9,769.78,48.7,931.09,672.02,30.89,852,49.1,0.38,36.98,990.29,233.1,279.85,381.59,166.46,2296.5,193,439.38,51.21,9.41,453.99,8.39,67.83,16.04,42.15,703.38,278.87,36.82,240.83,25.75,68.06,632.91,492.88,440.73,98.79,399.96,723.64,7.16,490.94,1606.21,145.6,1583.27,268.72,170.66,443.33,235.22,22.41,249.31
GAPDH,25443.38,50414.43,39261.63,27053.48,34716.98,44423.93,23127.56,40491.94,26592.49,23180.67,36080.61,23530.23,22466.58,48457.34,21287.56,27057.4,31685.49,21238.14,26147.73,21272.44,32363.2,20144.72,27760.42,50526.85,27331.8,26514.99,28730.58,33726.38,29776.75,18310.26,32020,32558.89,23012.19,35797.43,40097.53,18480.59,35713.76,28404.09,18612.27,30077.8,36365.72,33626.97,30307.47,19762.44,21465.53,21703.04,20985.99,17402.13,38162.2,19791.68,35357.36,19754.82,35358.39,19510.7,16967.76,24330.75,21908.48,25360.87,38180.33,23121.2,19029.5,23145.32,25151.36,18827.51,47431.96,32904.76
GCLC,236.12,256.67,191.77,598.86,214.11,100.39,957.08,118.59,405.94,429.4,170.97,745.46,1169.48,137.55,828.68,331.71,74.42,1013.61,749.6,496.6,374.63,480.31,492.68,199.07,235.6,82.52,89.63,337.31,386.86,1120.21,712.13,485.41,283.11,256.89,237.03,357.7,160.7,241.08,729.77,241.8,378.79,234.36,245.76,450.18,578.85,787.33,350,382.95,115.15,836.86,221.07,1082.53,310.39,1205.32,1239.26,151.78,1845.37,203.11,186.63,671.5,1273.1,132.15,440.03,708.72,165.1,205.97
GCLM,61.69,54.9,248.56,59.87,71,56.36,37.6,65.24,149.48,35.13,160.54,85.29,82.85,141.65,31.84,495.02,235.65,62.72,298.02,108.5,110.05,110.14,49.5,78.37,108.51,93.87,48.7,234.03,125.53,112.81,42.54,102.28,202.18,66.31,137.49,125.47,127.47,100.67,81.3,121.25,123.05,269.28,240.14,143.29,121.11,173.35,77.38,200.52,116,99.43,92.95,115.82,130.28,151.98,85.99,166.33,96.64,93.99,117.58,92.62,53.49,108.57,91.63,218.83,101.72,144.98
GFPT1,609.46,1175.4,1339.02,1157.15,468.19,239.12,453.09,426.74,1908.84,516.74,796.74,739.66,716.34,639.23,749.56,1257.74,286.59,889.47,996.67,734.11,563.29,747.99,583.13,619.24,1108.21,1198.42,836.62,690.99,460.76,1255.45,706.59,1360.31,497.75,1419.36,1163.6,744.92,383.54,393.51,830.8,404.79,360,635.31,848.15,977.66,836.37,1097.5,928.59,1087.21,835.58,914.56,785.55,791.09,736.45,511.31,1232.62,1010.09,518.68,1325.05,586.41,1118.67,820.31,619.55,717.11,871.9,546.61,919.66
GLDC,301.93,143.21,126.65,551.59,173.58,88.25,415.72,169.8,34.34,180.32,90.35,115.79,646.22,253.54,318.36,165.49,30.12,222.2,555.94,484.21,315.96,198.14,288.71,412.16,214.3,19.81,4.17,97.47,140.74,330.29,366.48,557.59,630.64,587.83,555.1,356.47,282.48,191.14,417.78,146.9,447.07,166.33,596,350.06,428.74,221.47,390.07,94.74,71.91,419.93,183.89,515.49,304.66,131.97,885.5,29.1,351.95,517.76,280.95,609.25,494.64,689.61,426.32,406.93,146.53,404.99
GLS,975.51,559.8,749.73,1545.09,1563.61,428.52,634.01,1080.23,2026.61,318.2,832.91,749.12,1374.56,1185.32,801.35,1642.74,358.79,1087.1,1251.7,2292.03,961.31,1556.73,869.25,862.07,2610.35,337.72,1892.1,1376.44,2794.57,1041.38,973.59,1339.39,836.34,2377.46,2275.2,1094.26,818.07,802.98,1146.03,1375.96,734.2,865.27,1094.16,3075.76,1425.65,2113.25,2192.76,961.2,784,1219.33,1785.63,1365.93,1064.88,742.92,1291.74,1553.41,976.22,1898.17,917.14,1178.81,1370.65,1506.39,1098.17,2033.64,1220.6,2021.49
GLUD1,1378.58,612.3,430.86,2266.63,573.01,376.52,4494.22,484.33,403.74,5987.33,882.94,9208.3,5225.46,759.07,4929.29,488.84,235.65,4882.26,2150.87,4391.83,2304.54,5280.52,6216.9,952.17,2999.09,188.15,364.59,1639.26,887.47,7335.16,4772.66,1323.32,1371.71,1117.29,1388.21,1189.71,615.49,865.73,10116.34,659.18,1176.69,906.4,1114.6,4524.68,3558.45,939.22,5037.94,732.17,311.63,9140.03,1125.94,4935.75,847.84,4085.44,3705.14,531.24,5358.04,2331.66,784.05,6742.67,5093.04,1006.69,2432.81,1712.06,729.7,765.85
GLUD2,51.41,22.03,14.42,124.26,19.01,12.53,270.8,14.88,12.77,392.77,167.01,505.28,188.75,35.93,304.1,22.55,11.52,278.03,122.76,209.74,94.33,281.03,366.46,27.46,139.09,7.84,14.02,24.83,44.56,429.96,256.58,64.28,41.14,36.4,66.75,67.41,17.3,25.62,593.4,28.21,51.79,57.43,34.23,293.1,165.19,74.21,252.68,27.59,10.7,462.71,37.68,521.29,34.93,208.16,256.07,22.83,294.09,78.33,25.27,430.93,261.48,11.95,126.19,63.16,39.21,31.56
GLUL,3238.94,399.33,1959.17,2062.62,1666.47,1613.51,9379.84,1794.93,1003.18,3457.34,2370.05,5415.68,7096.63,1727.29,2306.42,1548.9,3727.86,3946.46,3171.03,3053.47,10322.87,3887.86,2581.82,1944.96,3112.35,3305.19,1381.98,1356.1,3577.93,1865.5,2654.43,1240.93,2296.83,589.71,509.19,1676.81,1839.18,1800.49,3428.34,1282.69,1460.61,1287.69,1994.42,2953.55,722.69,2211.82,3570.44,1932.82,1577.62,3414.5,1280.69,4683.14,978.41,9140.16,5652.86,1825.41,5907.44,1069.54,2271.58,2670.66,2870.61,1797.24,6342.64,3293.36,971.17,1396.61
GOT1,51.04,49.39,47.1,68.53,31.86,32.64,91.26,43.57,57.24,58.79,51.47,69.18,93.65,25.66,140.41,63.65,21.26,51.73,92.18,216.79,69.79,31.79,93.04,41.19,205.01,30.53,38.47,82.68,117.39,46.21,22.16,71.17,32.75,167.77,72.37,56.09,37.33,18.83,93.66,62.49,44.91,49.15,33.21,177.41,144.31,60.3,118.24,37.71,22.69,72.61,109.28,87.92,32.07,74.78,60.07,34.48,128.25,150.44,40.03,57.14,60.41,45.16,109.46,36.19,25.36,35.31
GPI_1,438.03,286.23,1212.82,445.06,572.73,1015.13,280.2,657.53,306.21,200.05,765.24,297.33,469.47,941.27,356.37,1305.75,764.09,192.03,467.09,515.39,312.13,286.71,438.51,599.5,492.49,415.08,841.54,577.68,620.13,289.28,301.78,1058.56,542.68,536.99,949.29,453.89,875.89,483.2,683.15,626.07,673.01,940.03,465.71,890.58,504.14,676.88,703.55,896.81,667.14,432.19,754.4,430.02,753.63,330.84,286.74,530.34,301.84,634.43,540.88,355.75,459.08,596.98,296.56,529.15,751.23,887.03
GPI_2,563.35,309.98,1468.14,554.02,593.04,996.66,358.85,731.77,418.27,275.5,965.85,315.44,565.13,1023.48,510.4,1474.27,898.45,262.22,469.75,493.04,471,417.29,564.55,770.83,881.22,272.32,916.52,755.88,889.68,439.85,405.48,1647.78,730.34,633.15,1166.8,860.22,1322.86,752.16,840.12,994.88,939.9,1684.42,606.31,1269.75,855.31,1089.48,1059.07,1414.46,1260.29,613.56,1242.67,845.39,1179.7,519.73,477.9,718.61,456.35,1061.44,728.84,490.17,810.24,992.2,587.08,710.65,1706.08,1612.57
GPT,1.87,1.1,2.7,2.76,1.12,4.55,14.67,0.43,0,10.52,1.8,8.59,14.89,1.03,6.65,0,4.43,7.33,3.1,4.27,2.3,5.68,8.03,0,4.08,0.41,0,24.83,6.43,4.98,19.94,4.59,2.71,0.84,0.47,1.97,4.55,1.57,9.11,1.4,3.67,14.49,0.51,9.54,0.46,3.48,3.16,1.84,0.43,11.56,4.52,22.32,0.57,9.3,15.81,2.91,14.91,11.88,1,10.83,5.66,1.33,14.81,4.78,4.72,10.16
GSS,149.19,326.07,136.34,134.5,211.03,96.03,183.44,136.44,183.38,123.79,180.33,147.16,212.04,419.06,197.9,230.6,100.99,145.48,276.31,220.85,286.82,192.46,174.68,180.48,230.61,31.77,247.29,223.2,221.28,170.58,93.95,272.16,181.88,182.83,404.73,334.08,178.91,118.71,192.74,192.83,346.25,395.78,428.42,204.77,412.73,462.65,214.78,264.6,137.19,199.33,112.04,197.49,174.09,124.7,294.64,253.64,229.07,209.59,185.88,160.58,224.04,349.95,195.6,184.01,297.78,308.43
HIF1A,6150.52,1032.75,3159.37,2703.22,2048.01,5201.11,2932.71,2332.39,2585.77,2415.03,2173.52,5616.54,2590.88,7362.87,1293.14,2630.05,1918.41,6548.69,1826.7,2573.75,3782.74,10493.76,2066.6,3561.27,2612.39,613.34,2954.6,2531.27,1554.94,1497.84,3615.17,2576.5,2917.46,1700.72,1657.1,4780.98,2178.33,1798.92,2305.07,1169.6,3365.53,2317.49,2758.78,1804,3129.48,2697.37,4024.08,1359.78,2232.35,2822.29,1713.03,3418.96,3257.92,2454.7,3627.05,2528.8,2568.36,2163.12,2067.19,2491.74,2489.57,3159.53,2935.39,1764.97,1575.28,2685.42
HK1,977.2,522.89,1083.25,1263.88,831.84,2890.73,1878.63,1449.16,956.07,1865.42,2201.42,1717.79,1929.77,1351.6,2332.08,1343.76,1448.44,789.46,1852.18,2284.98,1140.38,1701.22,1638.2,1438.7,2367.51,633.35,1463.84,969.4,1131.67,850.18,866.57,1179.21,1224.74,2824.08,1977.98,938.29,1100.55,718,1321.21,979.8,1225.27,3116.8,2398.31,2436.37,1319.16,1683.36,1682.87,1281.6,1122.59,1002.89,1529.39,1366.83,880.77,1258.88,1859.21,985.46,757.59,1389.06,833.08,873.28,934.22,923.69,2742.53,1127.6,1264.53,1270.89
HK2,18.32,2.94,77.97,16.54,27.95,62.25,17.66,42.08,59.88,12.4,42.29,12.46,9.61,17.96,25.18,61.83,542.61,30.17,10.64,4.27,36.81,11.92,17.11,199.36,6.34,449.95,92.66,124.94,19.28,39.42,39.44,250.48,80.12,8.37,33.26,68.39,41.88,37.13,42.49,34.74,38.5,71.14,34.74,13.55,3.71,25.51,21.32,71.74,173.79,10.17,6.53,22.32,74.45,5.25,6.32,27.76,45.93,11.88,45.03,9.32,8.81,12.95,9.88,19.12,27.12,21.93
HK3,16.45,5.88,18.48,11.42,8.94,6.83,2.75,3.19,18.49,1.13,15.84,0,0.96,3.08,2.38,10.55,111.62,1.72,23.93,0.85,8.44,3.97,0.52,4,1.36,10.73,25.01,5.02,2.14,1.36,4.21,4.08,11.37,1.67,7.03,2.46,10.47,9.41,0,13.52,6.42,11.9,34.23,3.76,2.32,8.12,1.97,19.62,14.13,1.39,0,0.45,0.57,0,5.06,34.92,2.39,7.02,12.01,4.21,0.63,1.33,1.65,6.83,5.31,5.62
IDH1,624.42,377.69,1293.09,971.34,568.91,422.33,308.9,464.5,1373.28,226.21,859.3,449.15,515.79,1197.12,626.19,879.1,277.16,621.79,1387.8,649.24,592.43,512.89,302.86,359.98,621.51,249.41,581.75,743.75,432.32,605.49,393.84,1098.91,1521.02,726.27,2185.09,883,846.02,1072.31,589.55,1081.93,1155.98,725.31,1793.46,856.42,1531.55,1963.14,805.76,890.57,744.14,929.92,669.13,1698.13,2607.49,353.17,1263.2,1273.08,667.48,1032.5,1094.96,914.18,1089.72,2130.28,980.55,931.87,768.98,1923.41
IDH2,550.83,230.92,452.74,391.71,227.68,154.24,1177.33,400.02,422.17,755.45,209.67,879.54,1003.79,409.07,1530.23,295.52,227.51,1123.07,446.58,689.02,413.08,469.93,524.46,170.57,471.6,87.12,218.35,861.34,524.23,920.55,854.36,485.92,582.05,445.48,717.13,1385.6,332.22,688.62,913.83,551.77,696.93,1206.49,757.92,983,778.68,953.85,335.77,481.78,221.04,1074.11,533.49,1640.9,637.49,1503.62,900.71,602.91,1507.6,539.93,437.69,1204.92,860.3,478.57,660.03,1049.77,305.28,510.8
IDH3A,96.28,118,88.91,197.2,73.18,62.8,215.64,81.72,180.01,192.96,165.08,137.98,302.25,175.43,279.37,175.99,61.21,195.15,306.18,259.71,187.72,202.84,168.34,125.33,340.83,39.57,83.38,221.88,329.88,161.97,172.22,138.67,150.09,255.21,180.77,221.86,119.81,103.04,177.39,118.49,137.59,175.08,191.83,425.11,445.66,257.07,263.26,173.79,89.31,197.61,159.18,289.19,118.7,270.35,291.85,110.2,326.6,434.59,108.71,342.41,177.64,247.66,366.61,209.49,170.6,210.47
IDH3B,503.55,590.73,246.3,513.19,387.27,106.75,326.75,188.72,789.09,353.89,206.79,414.3,472.84,521.32,513.76,393.91,153.26,572.11,605.91,453.34,433.68,440.85,538.29,314.48,488.86,146.58,311.53,357.65,355.37,776.56,279.73,405.69,488.95,486.58,455.79,508.75,307.63,244.61,363.91,448.28,569.44,489.8,660.12,368,732.78,519.76,585.2,393.98,296.75,432.88,236.52,489.38,338.45,331.44,719.06,294.94,392.67,607.42,307.34,462.95,522.65,716.51,306.98,522.32,593.2,474.41
IDH3G,327.71,739.98,181.69,583.15,341.24,236.51,580.5,217.21,457.16,561.56,479.85,463.86,684.3,302.17,884.59,251.95,159.83,589.82,516,607.48,492.73,483.17,450.52,176.26,459.3,120.95,308.48,481.4,394.5,670.73,613.29,377.83,347.46,215.55,484.73,604.16,332.23,402.77,478.78,374.83,335.51,177.09,256.21,438.41,866.14,354.02,468.26,404.33,211.36,811.56,319.15,546.17,325.11,548.53,521.5,281.7,483.69,751.07,305.11,818.45,479.2,275.72,688.93,585.48,408.09,600.87
L2HGDH,18.82,36.35,10.67,35.51,18.82,6.83,23.54,10.7,15.34,16.4,8.04,20.48,32.66,19.42,32.71,9.09,6.5,28.88,38.41,42.15,18.92,35.58,22.89,11.44,31.79,3.44,5.56,28.88,19.42,50.67,25.7,48.89,23.28,37.65,18.5,44.77,12.29,14.12,48.28,19.28,26.43,27.51,23.16,42.74,66.43,33.43,47.05,15.33,10.99,42.09,12.06,40.17,28.35,34.36,87.46,20.3,60.75,45.64,23.52,63.15,50.03,29.99,43.16,22.65,21.92,30.85
LDHA,3257.82,289.54,4658.61,563.61,1294.44,5649.76,115.34,4770.18,3219.77,135.62,2542.46,505.93,369.58,2058.84,180.32,6070.83,2464.13,1394.87,786.83,481.86,1585.95,982.18,479.46,4613.55,893,5715.03,8666.34,3059.02,1385.93,219.06,2008.33,7083.65,4507.33,206.68,4827.71,2042.38,4900.91,2728.45,508.41,3662,3754.17,2779.74,6016.74,1676.77,242.44,3822.41,1232.39,5013.87,5454.37,246.04,1837.63,660.32,8187.76,163.7,461.56,4264.22,578.34,530.72,2052.68,520.84,321.89,3715,376.66,2226.53,6137.48,5101.47
LDHB,6396.55,10984.58,2120.52,11654.75,4373.3,1801.39,7492.27,3721.62,3321.03,10641.19,2647.03,10961.54,6434.56,8364.96,8580.64,3055.96,733.52,12344.55,6103.63,8171.5,3853.29,6919.01,9210.8,3595.6,6302.63,1264.85,2215.57,5563.61,7721.37,10257.22,5070.23,3953.13,1946.33,9688.06,6386.44,5416.67,2302.84,2810.81,10675.69,3520.46,5182.47,3237.08,3819.22,5134.46,7600.85,4758.74,7188.65,1972.37,1621.5,8515.45,5163.45,8127.98,4178.78,6537.72,8981.17,4353.99,8032.88,6707.87,7553.76,14271.71,9279.23,3782.74,7316.81,5443.42,2135.75,3413.02
MAPK8,229.76,167.99,74.14,320.99,255.76,60.54,132.99,58.44,154.76,158.72,62.27,212.9,199.56,90.07,211.92,141.85,31.89,406.48,237.98,441.92,140.34,212.62,198.52,59.49,278.41,50.34,72.58,133.66,169.65,356.34,183.68,313.49,138.85,586.36,176.37,330.88,57.36,105.63,231.76,83.24,181.49,109.68,99.63,359.09,580.47,213.93,377.24,99.34,59.93,284.89,105.01,422.21,125.41,197.86,705.94,146.63,320.93,225.52,93.06,456.19,495.27,120.52,190.94,303.15,57.79,112.88
MDH1,492.11,285,250.92,625.47,250.06,153.06,621.84,282.49,256.29,264.71,176.51,332.33,867.92,360.35,550.09,356.86,160.31,409.16,806.81,784.61,695.96,330.82,673.34,397.35,1005.81,186.86,397.28,517.01,839.95,320.02,300.57,417.54,303.45,895.02,436.01,425.69,340.38,190.27,611.39,307.88,348.04,589.68,397.54,1007.71,604.81,634.29,781.26,358.13,221.19,403.52,392.76,502.96,392.83,523.98,555.67,334.08,512.1,674.07,322.34,481.84,458.55,492.03,666.21,373.56,332.7,393.22
MDH2,449.34,1712.25,399.65,670.83,559.73,300.52,491.04,346.19,943.85,267.57,742.29,278.1,639.61,1002.73,578.74,803.18,229.45,666.61,570.01,687.65,441.16,556.81,389.01,761.82,762.85,243.75,631.02,593.26,674.97,852.11,537.09,1054.22,1027.3,847.64,1411.05,917.74,482.67,347.76,518.16,737.41,914.88,801.12,733.06,733.49,1406.4,879.51,922.07,784.14,436.73,1104.75,551.79,676.72,1081.06,495.35,627.53,547.69,683.62,1693.31,896.12,665.94,874.12,874.05,908.19,884.36,794.42,1073.61
MYC,1348.75,1957.68,621.58,1407.37,1250.21,372.07,683.69,144.04,1307.14,284.26,639.6,498.05,1069.69,540.04,863.6,1169.96,440.49,1972.28,415.95,554.74,1223.21,1343.33,443.32,1259.61,1249.71,438.97,1953.48,289.53,108.53,2895.86,1631.51,867.11,465.99,935.55,586.85,263.37,169.2,196.25,936.12,701.98,377.08,351.37,799.47,426.32,1721.46,567.21,1015.97,790.86,564.57,1615.86,123.09,1898.56,400.55,325.72,899.76,2361.42,463.47,3040.88,581.38,664.25,4821.59,371.87,652.31,570.88,276.65,1137.76
NAMPT,3717.16,517.38,11225.69,984.24,1233.22,5437.01,325.6,3904.6,1380.06,204.74,17743.98,529.56,306.18,3362.2,324.3,12025.45,10213.08,787.09,1300.01,460.93,2340.58,916.89,444.21,2198.37,621.38,30575.05,2801.11,1873.29,535.09,358.38,496.99,917.25,4147.89,555.19,682.51,1809.9,9070.25,6235.03,292.47,473.81,1720.23,1372.8,3274.05,1079.54,482.8,2367.48,1007.94,4565.92,15445.99,547.81,652.4,486.48,524.28,351.05,800.15,6563.11,415.19,1054.42,4195.42,662.78,439.89,3764.14,658.68,2406.78,1395.43,1621.58
NAPRT1,10.75,2.75,4.51,15.26,1.4,0.95,28.09,3.72,31.37,13.62,0.9,4.03,13.21,2.57,28.51,10.68,22.7,61.96,8.03,13.88,14.38,7.45,10.37,9.3,9.63,2.06,5.21,5.94,9.64,23.22,33.24,14.67,8.12,6.28,8.78,20.91,0.57,1.31,19.51,6.41,13.18,13.58,5.75,6.9,12.76,3.99,5.43,3.83,5.35,2.89,7.54,22.87,7.52,0.51,11.46,15.11,12.68,18.91,3.75,4.51,0.79,3.32,9.6,9.39,7.37,11.03
NOX1,0.19,0.73,0,0.39,0,0,0,0,0,0.38,0,0,0.48,0,0,0,0.89,0.43,0.44,0,0.77,0,1.04,0,0,0,0,0,1.29,0,0,1.02,0.54,0.84,0,0.49,0,0,0.43,0,0,0.26,0,0,0.46,0,0.39,0.61,0,0.46,0,0,0,0.4,0,0,0,0,0,0,0,0.66,4.94,0,0,0
NOX3,0,0,0,0,0.28,0,0,1.7,0,0,0,1.29,0,0,5.7,0.18,0,0,0.44,1.71,0,0,0.52,0.57,0,0,0,0.53,0,0.45,0,1.02,0,3.35,0,0.49,0,0,0,0,0,0,0,1,2.78,0.58,0,0,0,0.46,0,0.89,0.57,0.4,0,0.22,1.19,0,0.25,3.01,0,0,0.27,1.37,0,0.53
NOX4,54.78,39.11,20.96,95.31,86.09,16.7,20.64,86.28,51.51,7.89,55.07,12.89,28.34,30.28,7.6,110.02,17.72,16.38,39.88,61.51,8.44,15.33,7.78,57.78,62.3,11.55,24.44,106.98,27.42,14.95,85.08,235.69,140.2,339.52,100.25,44.77,127.01,152.44,22.98,59.93,142.99,90.02,58.25,66.75,12.99,460.05,39.48,57.03,16.69,64.28,31.15,52.22,149.47,36.78,90.1,179.77,97.83,91.83,110.58,24.66,13.84,148.41,42.8,66.91,71.94,189.39
NQO1,43,65.55,159.77,96.89,203.21,39.09,74.29,31.45,118,73.82,143.08,58.43,98.7,52.61,34.69,165.31,29.23,15.09,1084.85,230.46,32.21,36.34,43.02,72.65,166.5,27.03,189.3,816.73,226.63,45.31,38.78,145.39,140.47,88.91,149.43,97.17,127.01,43.4,44.23,101.66,108.85,496.14,187.26,239.65,107.18,867.91,52.31,177.83,61,92.5,101.49,96.4,100.79,278.09,87.25,271.33,80.83,199.05,109.83,46.61,17.62,177.96,181.61,116.75,79.9,206.78
OGDH,209.31,599.24,232.28,384.92,287.36,166.57,375.69,265.97,577.19,444.09,436.16,373.72,471.41,520.64,508.97,502.21,142.77,286.4,528.55,559.69,295.99,498.3,288.07,389.98,586.55,150.6,336.21,475.96,676.41,434.94,259.92,393.21,374.14,393.52,459.07,464.68,378.64,298.88,302.94,349.31,330.68,480.14,1217.98,678.6,695.92,610.21,412.42,386.32,180.69,444.61,241.07,400.13,471.13,623.24,562.6,317.98,470.11,585.78,444.64,316.68,516.04,619.35,567.14,772.32,391.56,542.41
PARP1,1106.01,1409.49,576.21,678.41,934.14,340.28,1350.33,898.53,979.62,1230.9,620.72,1777.94,2130.77,2059.36,1349.69,1028.41,351.7,1072.02,851.97,922.92,1233.94,1017.67,923.67,652.13,1010.34,119.86,927.95,1569,793.22,1324.77,1040.72,962.39,1021.75,1051.6,1721.04,1464.01,657.6,575.5,1303.43,1716.39,836.63,971.85,1643.92,1430.1,1769.02,1541.31,1428.61,1334.95,494.2,1716.27,543.88,1958.86,1955.38,1455.93,1525.05,1093.59,2242.95,739.23,1526.56,1250.68,1458.75,1229.15,1457.27,1490.5,1005.96,834.33
PC,134.04,290.64,56.79,218.98,102.86,19.55,488.4,47.6,51.51,319.89,66.77,538.15,473.8,77.5,633.86,62.56,45.18,165.52,201.42,411.8,245.02,184.23,215.11,88.67,274.33,36.1,74.66,385.65,328.17,666.69,238.63,282.11,219.24,193.92,123.9,305.79,70.56,135.7,263.2,118.22,166.82,206.17,87.88,279.04,530.12,157.41,313.28,369.15,54.58,383.86,142.69,273.37,125.13,203.51,490.33,90.89,472.15,247.94,125.59,439.35,534.92,105.25,372.82,251.6,155.38,147.93
PDHA1,132.92,753.49,105.91,304.84,281.47,57.31,434.52,143.45,211.55,190.47,199.41,200.22,636.37,300.24,365.63,267.88,155.92,538.16,470.64,368.01,491.58,289.55,419.85,187.63,358.6,72,319.68,449.04,397.57,246.92,357.62,317.06,269.04,485.95,197.91,401.49,178.91,162.11,408.68,286.1,195.24,511.4,406.7,624.34,1036.82,413.08,656.76,336.96,143.4,264.77,257.49,573.51,186.12,566.08,605.09,284.09,660.36,928.29,304.21,383.71,521.07,417.35,615.88,427.76,457.87,439.23
PDK1,193.31,422.65,408.33,77.59,250.73,246.9,107.31,395.92,176.55,34.56,210.39,99.68,165.22,83.66,96.69,436.1,281.72,91.17,217.15,146.95,102,116.67,61.42,554.03,115.76,343.7,333.51,449.3,140.09,26.73,381.33,715.48,308.82,638.66,361.63,213.05,322.31,252.58,145.48,248.56,148.26,282.73,218.42,221.08,106.49,209.59,133.84,447.95,605.92,108.22,86.17,133.89,697.51,145.51,280.73,287.45,199.84,212.29,342.24,57.74,82.44,208.18,201.64,153.28,490.89,277.66
PFKFB1,1.12,2.94,1.35,2.17,1.68,0.76,1.38,0.43,0.44,2.25,2.52,0.86,3.36,1.54,3.33,2,0,1.72,4.87,3.63,1.53,1.7,0.52,0.57,1.36,0,1.52,0.53,1.29,0.45,0.89,2.81,0.54,2.93,2.81,4.92,0.91,0.52,1.95,2.8,1.6,4.66,1.02,5.52,1.86,2.03,1.97,2.45,0.86,0.46,0.25,1.79,1.15,3.23,3.79,1.34,4.18,1.08,1.5,1.8,0.63,1.33,1.65,2.73,1.18,1.87
PFKM,1148.63,1485.87,214.98,1503.93,301.32,170.23,1489.74,418.24,323.61,1290.07,382.08,1144.62,1589.49,1079.59,2185.49,201.14,339.3,1260.17,1267.44,1508.37,771.5,770.13,1209.79,572.9,1161.21,148.95,112.94,536.74,1272.83,1487.65,1199.37,490,486.92,1059.76,968.49,1274.34,478.91,476.92,873.07,295.9,748.63,490.71,342.84,870,1286.45,531.07,906.28,306.6,255.77,1416.58,785.55,1169.33,391.13,1371.04,1342.32,293.71,836.93,1775.82,217.15,1365.85,1849.24,469.81,1820.77,611.77,567.84,555.59
PGAM1,468.13,693.27,339.37,588.03,369.8,781.32,943.33,431.62,535.38,1233.15,609.75,734.29,667.59,326.93,1271.52,430.28,514.26,650.02,617.32,1519.69,426.78,585.34,901.38,356.96,1004.68,122.13,409.69,773.67,806.71,552.74,717.89,685.13,475.01,1879.16,461.18,503.83,353.04,304.87,820.61,368.41,458.76,554.6,527.79,909.4,736.14,660.07,521.54,291.58,398.1,609.09,512.48,625.28,584.7,698.66,686.65,397.59,793.98,732.21,372.01,710.29,678.4,230.09,789.26,513.11,249.43,382.52
PGD,638.81,561.26,523.48,543.52,1109.12,227.55,385.45,658.17,1307.85,306.18,555.57,795.95,680.32,1152.98,448.79,735.26,806.61,704.55,1157.75,766.15,551.78,779.5,491.9,466.22,572,343.08,713.07,990.53,677.54,1207.42,788.13,708.85,998.47,910.61,1161.72,1187,341.43,613.41,971.5,1258.21,637.5,1129.9,671.11,740.77,723.15,997.2,796.72,393.06,484.78,1276.91,527.3,1009.33,1108.98,549.71,767.27,984.34,679.45,657.66,569.15,1013.72,1023.58,838.36,601.07,1218.41,613.25,1103.97
PGK1,2215.19,5435.47,6350.52,1782.19,2185.53,7252.26,1334.28,1777.08,5298.33,1220.76,7084.96,591.64,1769.11,1702.91,1563.98,4879.1,4776.32,1245.08,1873.46,1938.32,1418.77,1668.58,751.33,5422.43,1084.87,5222.58,6213.52,4298.11,2422.06,1197.91,2926.74,5391.49,3589.51,5644.19,4317.82,1799.57,3011.88,1448.55,1345.06,2426.64,2764.47,3473,3542.55,1325.21,2361.55,2432.71,2007.99,4407.1,6022.84,1354.84,1512.06,1737.26,3905.61,1304.15,1258.55,2269.11,1733.22,1625.11,2741.16,1387.51,1509.72,2029.99,2237.48,1897.77,4481.71,2655.19
PGK2,0,0,0,0,0,0,0,0,0,0.38,0.36,0,0,0,0,1.09,5.32,0,0,0,1.53,0,1.56,0,0,0.41,0,0,0,0.45,0.89,0,0,0,0,0,0,0.26,0.87,0,0,1.03,0,0,0,0,0,0,0,0,0,0,0,0,0,0,0,0,0,0,0.63,0,0,0.34,0,0
PKM,5009,6407.99,4416.14,5662.05,2772.24,7480.56,4630.88,6053.37,5286.01,3848.42,5048.03,1963.99,5388.75,6110.83,3501.44,7059.78,7170.91,2717.97,5350.71,3505.43,5555.43,2122.77,3858.48,6488.15,5742.64,5248.58,7095.43,3562.21,4670.4,2372.71,3295.22,2223.73,4670,4172.11,7273.19,3319.43,5240.98,3063.65,1951.03,3798.17,3895.33,6041.92,5743.9,3412.02,6381.22,4596.11,3826.08,3624.04,4909.88,2311.95,2501.59,2029.15,5844.39,4932.44,3155.69,3922.15,2681.11,5247.78,2462.21,1404.05,2985.78,3793.69,3879.38,2910.67,6632.5,5859.83
PRDX1,559.73,126.32,593.11,492.52,767.55,221.28,411.82,443.1,933.39,674.9,461.45,616.57,885.16,1081.39,549.28,748.71,416.82,1095.51,953.68,769.56,564.82,457.31,207.07,517.13,249.64,413.43,860.12,1506.93,526.1,1558.1,297.13,852.2,896.43,270.28,697.74,2194.42,445.68,563.47,616.59,725.17,1033.24,706.71,1303.9,931.99,466.79,2020.78,850.22,1018.84,402.81,1804.37,482.08,1217.76,1779,628.53,453.66,638.02,1064.51,388.38,449.31,859.45,654.17,869.24,81.75,1662.56,486.17,801.96
PRKAA1,145.26,114.57,116.73,221.94,120.47,62.63,145.37,100.31,273.19,83.78,118.78,141.57,174.1,208.63,154.43,247.33,66,225.44,207.4,243.49,170.64,264.28,108.07,138.15,184.4,85.62,115.97,167.47,121.67,214.07,150.67,242.83,216.26,171.33,263.5,279.96,163.66,118.97,166.72,136.64,137.49,145.89,169.37,178.67,179.11,340.9,192.67,187.03,82.83,180.83,93.45,151.3,186.4,123.28,269.67,187.15,189.7,146.93,94.07,270.34,250.78,259.97,150.61,334.9,211.39,273.38
PRKAA2,57.58,27.72,23.89,37.22,16.21,26.57,27.97,38.68,12.33,21.79,40.49,48.12,38.9,24.12,48.94,30.19,34.55,76.94,50.3,61.73,67.49,72.39,53.39,48.05,52.1,8.25,1.89,31.17,35.56,65.92,30.13,56.63,39.79,26.99,20.14,62.49,31.87,21.96,77.62,26.58,32.08,49.67,4.09,72.27,54.98,37.4,89.62,25.14,15.84,59.66,21.6,62.71,48.68,15.56,42.05,9.85,26.25,34.03,27.27,74.88,103.21,43.16,21.95,28.68,41.87,65.54
PTEN,419.71,364.45,292.05,1204.41,438.42,150.78,517.29,296.89,413.64,321.11,507.25,544.06,482.56,497.58,373.36,565.4,505.85,665.54,930.3,752.26,495.61,514.94,550.86,343.23,828.66,254.79,83.19,836.93,601.39,737.59,729.75,688.83,758.12,1625.52,1009.95,774.07,393.9,552.49,997.19,197.96,260.2,1171.94,841.51,1453.44,919.89,1620.16,1031.93,412.07,536.9,878.48,319.8,1202.25,430.36,706.94,1461.66,504.04,952.21,959.89,779.67,1542.98,1144.72,363.9,1096.38,754.47,287.9,568.3
RPIA,78.89,98.04,59.27,121.5,68.2,31.88,62.37,66.73,86.29,52.22,71.99,58.86,118.87,89.3,77.93,95.11,235.65,83.62,145.36,86.93,138.43,61.88,71.01,135.57,111.23,49.93,98.16,86.11,35.56,140.22,56.94,68.36,132.89,121.75,73.08,96.19,63.28,60.92,81.95,59.46,57.29,145.64,71.53,90.84,105.33,166.97,87.65,84.93,64.64,87.87,29.14,88.82,134.58,41.83,144.48,102.98,54.28,109.66,60.54,96.83,71.43,114.88,65.84,103.1,86.39,108.34
SDHA,437.47,1109.86,446.4,1476.06,578.86,332.21,1113.4,562.01,1650.58,1313.16,433.78,1063.26,1104.02,554.84,1602.13,870.41,354.25,1181.74,1543.3,1069.32,774.84,1153.86,1416.78,860.52,1295.29,455.34,457.81,638.15,708.93,1206.83,788.16,940.19,769.58,846.23,828.74,1080.52,602.38,633.32,1035.86,545.18,635.95,818.4,577.11,823.92,737.21,881.87,1283.12,711.61,281.55,879.43,612.96,728.12,671.46,1153.12,1342.61,428.87,1487.85,837.46,404.57,1282.13,767.76,687.68,945.02,773.57,896.63,907.84
SDHB,270.77,200.94,162,229.64,160.26,111.76,188.79,73.32,377.66,125.23,116.78,206.48,253.75,177.21,210.26,266.22,240.42,309.4,299.38,268.77,323.8,332.6,217.7,184.64,232.07,103.5,297.72,338.98,261.1,343.32,245.33,220.36,222.39,182.81,293.03,280.45,179.06,126.38,291.12,311.29,213.36,291.73,338.63,211.49,232.26,401.17,279.22,289.57,131.63,263.23,134.82,255.51,259.61,220.18,181.6,201.36,302.74,254.03,203.34,386.09,314.13,282.22,254.98,306.68,218.5,332.89
SDHC,815.34,1051.57,510.69,1319.17,513.61,282.77,1038.43,428.22,778.2,1132.66,649.02,838.11,1250.83,1098.64,1222.94,791.09,325.57,1099.44,1265.5,1511.15,763.55,1269.25,974.47,671.44,1071.22,293.98,733.82,1683.9,995.27,1349.57,825.35,894.35,966.6,1160.23,1223.79,1412.41,719.28,599.42,1023.86,1048.7,1002.82,1076.1,1410.17,981.48,1544.84,1411.37,1055.12,986.49,466.59,1125.56,639.03,1394.16,1012.91,1717.34,1523.39,820.75,1642.7,1032.07,901.25,1618.98,1150.46,1064.13,1380.25,1199.12,870.49,1284.66
SDHD,606.28,978.04,370.25,1018.11,257.99,235.52,599.38,450.75,709.07,838.32,573.93,477.57,654.86,663.61,1363.94,695.79,430.99,1002.83,778.63,752.69,451.32,881.41,605.67,400.15,996.75,368.05,445.88,890.69,805.64,934.45,507.18,599.17,774.36,913.96,917.67,1127.22,590.22,562.95,865.7,681.1,552.48,661.95,930.15,435.63,1135.42,838.05,845.48,760.07,333.03,739.05,477.31,895.08,497.36,730.19,785.92,782.19,862.58,1091.96,577.65,677.51,894.57,882.85,843.58,1024.16,529.81,711.81
SLC16A1 ,679.94,514.26,1164.37,1254.23,627.23,788.73,935.3,1763.69,1094.1,247.19,948.81,647.07,441.62,707.75,463.04,703.07,726.88,1064.26,935.73,702.07,1008.09,647.22,1634.05,787.42,703.62,586.52,1247.44,1831.56,1775.36,1454.57,1418.06,1192.47,922.96,243.71,1412.34,1812.85,758.66,1188.91,1134.11,1270.1,1022.47,833.97,286.63,731.24,630.35,542.08,1045.65,1739.35,664.57,1027.87,1198.79,802.91,2351.67,643.08,565.89,692.64,466.79,716.81,903.13,1212.49,1127.73,1367.27,561.29,1450.21,1440.83,1527.95
SLC16A3 ,394.28,59.67,587.48,73.06,328.99,614.51,57.55,428.44,3336.88,22.92,212.73,62.3,63.88,88.02,38.49,547.03,966.96,206.04,197.21,32.04,190.57,201.55,68.16,183.34,64.79,638.1,1472.18,734.84,115.67,132.07,158.87,359.14,487.46,83.68,494.44,83.64,551.3,394.56,143.09,312.22,208.07,238.76,845.85,72.02,35.03,398.88,137.79,664.1,828.51,77.23,52.75,88.37,617.91,37.99,82.51,637.13,239.51,168.8,537.37,122.69,62.93,219.14,55.96,402.84,263.58,506.11
SLC16A7 ,40.01,101.9,22.99,181.17,42.49,2.66,80.02,32.09,88.28,67.25,131.38,30.51,168.34,3.59,75.31,95.84,34.55,134.27,233.1,241.36,55.98,55.07,67.64,42.33,187.57,53.85,32.59,61.28,153.37,83.82,113.22,2468.35,17.32,398.09,141.7,15.5,62.14,5.75,40.76,152.03,10.54,217.81,30.66,119.7,217.85,129.87,206.29,132.76,22.26,137.36,38.18,91.05,14.32,142.08,275.04,184.47,129.15,196.08,188.63,177.72,98.8,33.87,323.72,173.77,87.27,47.08
SLC1A2 ,315.01,426.69,664.55,4048.43,1058.81,1182.33,6605.12,11210.55,92.46,23023.45,5049.83,5968.44,10053.48,7158.6,13809.76,559.58,14.17,2361.49,6913.73,17438.29,2399.25,4195.86,14163.74,4227.71,24892.03,554.96,4.17,2364.59,30657.58,3713.34,2435.52,2443.61,11090.9,3544.75,1611.66,11221.05,3259.53,2275.06,15088.54,1227.19,11295.28,239.53,4074.17,18068.85,11329.82,1777.86,7497.79,1386.15,441.55,12898.15,24641.58,3978.86,5221.32,20239.06,7476.03,188.05,6463.41,2625.24,1696.93,5824.28,3286.28,6202.19,10860.12,7227.17,3576.88,5524.65
SLC25A5 ,1339.32,3239.8,428.84,4373.95,344.36,1042.08,1136.17,855.6,2280.21,1218.88,2307.6,931.72,2165.59,947.18,1698.93,1468.33,374.29,1526.12,2227.76,2867.44,1592.09,1260.66,863.54,1069.44,3559.76,237.87,1857.05,1674.39,1672.76,1204.03,937.91,1927.85,1793.95,2395.24,2706.16,1888.13,961.02,638.77,1985.5,1288.52,2469.55,1956.89,1571.88,1281.8,2719.76,2561.42,1862.31,973.16,474.29,1041.51,1450.26,1274.66,1310.84,1024.04,1740.97,1106.8,1216.62,5704.23,1134.29,901.55,2474.15,1769.35,2022.95,1721.62,892.45,1148.37
SLC2A1 ,58.14,72.89,185.01,248.52,57.58,495.9,469.6,526.83,211.33,122.09,188.61,124.17,206.52,189.64,87.9,214.41,864.19,216.39,427.21,210.6,252.69,292.38,308.41,303.76,276.82,1015.01,382.97,453.53,276.33,134.33,614.64,327,415.47,126.56,140.77,249.7,366.93,306.97,269.92,136.17,196.84,258.42,91.71,182.18,131.08,224.08,222.28,472.47,331.11,202.57,180.12,200.62,404.02,263.54,312.03,84.4,272.91,352.19,246.92,223.13,130.58,335.34,347.58,185.37,518.31,306.02
SLC2A3 ,4600.13,1904.11,1397.38,1725.08,1535.66,4605.21,234.57,4082.05,3067.21,264.66,1732.23,336.43,621.24,2011.88,519.82,7056.87,8608.28,3165.61,1281.4,2414.41,1023.05,2217.86,630.29,4779.45,2324.92,23844.39,13918.93,1687.6,2837.2,701.8,1462.15,4332.68,2057.84,1272.72,4209.38,1237.93,6881.67,1699.82,1319.91,1871.69,1601.99,3464.46,4322.74,3777.63,1034.5,2026,1999.11,5391.29,15210.56,1186.03,2195.61,1410.79,1746.36,639.65,1345.17,8822.59,715.84,2733.55,6776.22,1274.14,952.47,3529.74,925.88,2428.97,8056.52,4958.89
SLC5A1 ,0,2.02,0.45,0,0.28,0,0.46,0.43,0,0.38,0.36,1.29,0.24,0,0.95,0.55,0,0,0,1.28,0,2.27,0,0,1.36,0,0,0,0,0,0,0.51,1.08,1.67,0.47,0,0,1.05,0.43,0,0,0.78,0.51,1,0,1.16,0.39,3.07,0,0.46,0,1.34,0,0.2,0,0.9,0,0,0.5,1.2,0,1.33,0.82,1.02,0,0.53
SLC7A1 ,610.4,834.09,558.41,1624.85,384.61,432.51,1729.36,918.72,891.35,982.77,327.91,1710.06,1498.72,1492.49,1058.18,945.12,163.01,1442.07,1670.27,1693.55,1232.79,1752.32,780.87,723.92,1544.28,430.14,132.08,1672.02,1123.74,2274.62,2177.16,1888.57,1225.56,1259.75,1206.46,1439.16,876.8,1854.61,2057.26,648.22,1600.85,546.07,447.83,948.3,2202.86,1156.35,1230.61,778.77,579.38,2241.19,1241,1647.33,1083.49,1639.43,2611.62,382.14,1479.4,3469.8,1423.99,1761.6,2377.55,1144.48,2213.07,1333.8,1076.42,1028.27
SLC9A1 ,392.41,149.63,220.62,279.64,135.84,144.04,82.55,318.56,781.06,117.02,318.37,251.78,95.34,178.09,132.09,587.04,208.19,109.27,317.52,193.08,251.54,195.59,180.9,317.2,382.16,196.4,380.32,237.2,411.5,143.17,71.79,264,434.95,177.81,395.13,332.11,296.14,456.27,133.99,142,468.38,442.34,725.78,363.86,115.31,895.45,364.01,315.19,194.34,95.5,358.48,37.94,406.88,74.37,138.47,337.14,72.18,259.28,218.15,85.4,70.17,399.76,207.12,249.55,344.07,331.7
SOD1,426.06,663.16,293.4,935.01,280.63,162.45,1023.58,224.84,466.04,1195.96,288.86,708.3,1341.18,334.37,1415.5,525.76,414.16,1018.35,1498.54,933.39,472.41,512.1,757.8,602.36,784.71,356.49,342.42,376.4,340.59,1030.95,523.8,496.88,418.98,354.58,616.7,901.14,335.74,350.11,757.08,363.75,304.31,779.14,510.68,835.38,459.83,654.56,894.24,566.29,268.4,573.71,378.83,684.42,482.19,816.48,842.51,299.98,588.18,634.7,208.4,1216.4,446.18,592.33,648.8,478.62,394.48,475.35
SOD2,32944.26,1370.02,28260.16,5372.77,16408.98,23429.31,4885.63,21167.45,12868.73,4889.6,15148.78,6612.5,3483.48,9154.06,4065.69,20714.87,46301.93,2624.43,14776.04,2260.84,33509.34,8423.22,2865.61,11194.66,4860.06,29153.41,7744.26,12272.54,10375.21,2939.73,3812.14,4995.11,22200.48,4732.32,1498.3,16035.73,37752.79,35718.21,2258.02,11719.09,21300.91,17684.45,17682.34,15794.59,2031.64,19986.35,11533.31,46628.99,25906.34,2084.87,23865.33,6138.55,10198.12,10717.14,5383.2,27693.68,746.26,9475.99,24592.87,3913.23,4258.88,23188.81,3523.29,25067.72,12132.55,9519.21
TALDO1,1012.34,2569.29,868.04,1894.44,1291.08,305.74,1441.82,485.39,1419.46,868.94,932.97,1443.88,1908.88,916.38,1254.42,1073.7,720.68,1026.76,2150.43,1041.25,1218.99,1249.02,979.39,676.73,1781.24,345.97,1109.68,2288.26,808,918.59,749.58,1278.17,1248.56,1536.93,1556.38,1647.04,663.97,925.87,909.5,1384.82,1026.82,1826.26,1357.29,1753.06,2051.59,2832.46,943.59,1580.53,795.34,1572.44,694.86,2073.78,737.31,1811.82,2158.27,1404.76,3709.23,1901.68,1334.68,1659.65,2266.79,1006.03,1658.63,1819.94,852.65,1151.58
TP53,62.44,116.03,46.42,85.66,11.18,36.82,69.71,62.69,98.18,60.3,25.56,58.43,51.87,109.58,120.45,66.92,11.52,30.6,46.53,59.59,52.15,64.72,61.68,24.03,64.11,46.83,18.95,80.83,17.99,180.55,18.17,27.55,94.19,50.21,175.43,77.99,49.17,73.21,84.55,96.3,72.18,82.26,76.64,50.94,86.77,149.58,122.19,23.3,32.75,154.24,38.69,45.08,243.67,56.99,86.62,46.12,64.72,127.21,144.1,70.37,127.12,139.45,161.31,53.94,126.78,237.81
TP53I3,53,45.53,43.49,72.08,36.2,54.09,15.36,43.03,136.6,39.16,82.7,25.78,17.89,63.51,19.96,38.74,14.62,37.61,65.92,42.08,22.05,19.59,8.29,70.36,56.18,8.87,17.24,144.62,41.24,70,42.98,125.75,110.02,305.84,205.88,139,100.84,52.95,45.2,54.21,115.03,225.7,95.42,90.34,248.36,177.12,65.04,40.78,22.05,43.13,43.84,53,109.24,52.34,119.18,99.96,24.16,74.81,131.34,83.6,165.35,138.45,167.34,80.57,149.63,104.06
TUBB,12498.42,6989.41,3778.51,5751.76,8085.34,3522.56,2995.48,7601.24,10431.89,2878.61,4170.63,5933.1,2954.63,9279.29,5292.67,4734.94,3352.57,4872.72,3324.8,2997.99,8949.25,4275.41,5329.12,5118.74,1991.24,2147.11,9531.1,4792.85,1451,6681.89,4831.65,4993.39,3858.28,9685.55,5489.79,7329.59,2555.62,4377.35,4095.18,6797.02,4879.19,8316.14,5586.08,2920.3,4557.68,4085.55,2664.7,3218.94,3163.38,5185.29,3510.72,4392.53,8058.19,1867.65,3210.38,5505.17,2728.01,3746.78,5337.47,3523.65,3661.82,4964.99,2359.29,3740.32,3686.11,5054.05
TXN,1157.54,4405.17,3131.2,1797.62,3220.02,1409.43,742.16,1299.9,1200.13,760.74,3034.93,1024.74,1268.74,1586.75,1001.4,2600.59,1049.05,1025.17,2607.99,1560.63,1385.53,758.87,801.69,1141.71,2123,1574.79,2694.61,3424.15,1710.46,2378.6,838.28,2570.72,2632.64,2787.82,2887.53,1991.87,1499.26,1532.65,1566.78,2037.16,2342.3,2711.37,4838.1,2528.63,4562.71,3746.27,1639.11,3897.43,2790.61,1943.19,1501.42,781.04,2235.32,1738.39,1114.91,2853.93,1453.55,2490.2,1873.8,1048.5,1243.42,2078.46,1164.1,1765.54,1142.47,2580.47
VHL1,174.33,177.06,138.45,158.28,241.78,23.84,156.78,85.54,162.49,71.85,56.8,90.23,155.04,208.02,103.5,194.93,88.59,193.97,205.38,255.51,150.5,127.74,97.84,112.26,197.65,53.25,117.6,373.1,251.16,334.14,211.6,405.73,370.3,327.12,309.9,308.44,110.11,127.47,256.78,149.23,218.55,326.26,213.47,199.81,237.51,386.09,236.39,196.8,115.98,388.77,78.19,243.94,345.03,118.48,413.35,118.09,398.37,311.61,128.84,398.64,332.55,360.04,282.05,399,221.86,459.26
VHL2,110.77,105.11,50.14,160,183.78,29.89,94.01,73.32,126.03,68.09,78.29,86.47,117.07,128.31,125.92,126.39,59.8,149.79,115.78,134.56,38.35,107.16,92,85.09,86.65,39.71,49.27,66.7,93.18,99.67,87.52,210.44,133.98,276.13,156.34,134.08,52.35,104.59,149.6,80.44,108.27,118.99,99.63,123.59,103.82,171.76,106.1,108.08,23.01,162.45,48.36,188.01,213.32,111.66,249.75,85.63,166.28,114.79,75.68,173.66,159.69,162.69,114.54,159.6,64.13,192.6
